,air_inflow,air_end_temp,out_pressure,motor_current,motor_rpm,motor_temp,motor_vibe,hp
0,1.59,41.0,0.7,20.53,1680.0,58.67,2.93,30
1,2.97,59.28,0.7,38.4,3142.0,74.91,3.75,30
2,1.91,45.29,0.7,24.73,2023.0,62.48,3.12,30
3,2.37,51.33,0.7,30.63,2506.0,67.84,3.39,30
4,1.9,45.21,0.7,24.65,2017.0,62.41,3.12,30
5,2.22,49.34,0.7,28.69,2347.0,66.08,3.3,30
6,2.92,58.7,0.7,37.84,3096.0,74.4,3.72,30
7,3.23,62.7,0.7,41.75,3416.0,77.96,3.9,30
8,2.11,47.93,0.7,27.3,2234.0,64.82,3.24,30
9,2.88,58.08,0.7,37.23,3046.0,73.84,3.69,30
10,2.46,52.58,0.7,31.85,2606.0,68.96,3.45,30
11,1.34,37.78,0.7,17.38,1422.0,55.8,2.79,30
12,2.35,51.09,0.7,30.4,2487.0,67.63,3.38,30
13,2.57,53.99,0.7,33.23,2719.0,70.21,3.51,30
14,3.1,60.98,0.7,40.06,3278.0,76.42,3.82,30
15,2.8,57.1,0.7,36.28,2968.0,72.98,3.65,30
16,2.03,46.81,0.7,26.22,2145.0,63.83,3.19,30
17,1.33,37.55,0.7,17.16,1404.0,55.6,2.78,30
18,2.6,54.36,0.7,33.6,2749.0,70.54,3.53,30
19,2.0,46.41,0.7,25.83,2113.0,63.48,3.17,30
20,2.07,47.4,0.7,26.79,2192.0,64.36,3.22,30
21,1.78,43.58,0.7,23.05,1886.0,60.96,3.05,30
22,2.9,58.4,0.7,37.55,3072.0,74.13,3.71,30
23,2.66,55.2,0.7,34.42,2816.0,71.29,3.56,30
24,1.48,39.56,0.7,19.13,1565.0,57.39,2.87,30
25,3.08,60.83,0.7,39.92,3266.0,76.29,3.81,30
26,1.43,38.86,0.7,18.44,1509.0,56.77,2.84,30
27,2.56,53.85,0.7,33.1,2708.0,70.09,3.5,30
28,1.54,40.4,0.7,19.95,1632.0,58.13,2.91,30
29,1.96,45.98,0.7,25.4,2078.0,63.09,3.15,30
30,1.78,43.53,0.7,23.0,1882.0,60.91,3.05,30
31,3.02,59.93,0.7,39.04,3194.0,75.49,3.77,30
32,2.5,53.06,0.7,32.33,2645.0,69.39,3.47,30
33,1.58,40.96,0.7,20.5,1677.0,58.63,2.93,30
34,1.74,43.01,0.7,22.5,1841.0,60.46,3.02,30
35,3.29,63.56,0.7,42.59,3485.0,78.72,3.94,30
36,1.39,38.43,0.7,18.02,1474.0,56.38,2.82,30
37,2.45,52.46,0.7,31.74,2597.0,68.86,3.44,30
38,2.16,48.54,0.7,27.9,2283.0,65.37,3.27,30
39,2.35,51.1,0.7,30.41,2488.0,67.64,3.38,30
40,3.17,61.99,0.7,41.05,3359.0,77.32,3.87,30
41,1.48,39.53,0.7,19.09,1562.0,57.36,2.87,30
42,2.08,47.51,0.7,26.9,2201.0,64.46,3.22,30
43,1.27,36.85,0.7,16.48,1348.0,54.98,2.75,30
44,1.72,42.78,0.7,22.27,1822.0,60.24,3.01,30
45,3.23,62.69,0.7,41.74,3415.0,77.94,3.9,30
46,1.63,41.51,0.7,21.03,1721.0,59.12,2.96,30
47,3.17,61.95,0.7,41.02,3356.0,77.29,3.86,30
48,1.88,44.88,0.7,24.32,1990.0,62.11,3.11,30
49,1.91,45.33,0.7,24.76,2026.0,62.51,3.13,30
50,1.91,45.29,0.7,24.73,2023.0,62.48,3.12,30
51,3.06,60.48,0.7,39.58,3238.0,75.98,3.8,30
52,1.29,37.03,0.7,16.65,1362.0,55.13,2.76,30
53,3.2,62.35,0.7,41.41,3388.0,77.64,3.88,30
54,1.98,46.16,0.7,25.58,2093.0,63.26,3.16,30
55,2.88,58.08,0.7,37.23,3046.0,73.84,3.69,30
56,2.79,56.95,0.7,36.13,2956.0,72.84,3.64,30
57,1.55,40.54,0.7,20.08,1643.0,58.26,2.91,30
58,2.9,58.4,0.7,37.55,3072.0,74.13,3.71,30
59,2.22,49.43,0.7,28.77,2354.0,66.16,3.31,30
60,1.97,46.01,0.7,25.43,2081.0,63.12,3.16,30
61,3.17,62.01,0.7,41.08,3361.0,77.34,3.87,30
62,1.43,38.96,0.7,18.54,1517.0,56.86,2.84,30
63,1.5,39.88,0.7,19.43,1590.0,57.67,2.88,30
64,2.61,54.54,0.7,33.77,2763.0,70.7,3.54,30
65,1.28,36.95,0.7,16.57,1356.0,55.07,2.75,30
66,2.29,50.35,0.7,29.68,2428.0,66.98,3.35,30
67,1.34,37.75,0.7,17.36,1420.0,55.78,2.79,30
68,1.78,43.5,0.7,22.98,1880.0,60.89,3.04,30
69,1.67,42.06,0.7,21.57,1765.0,59.61,2.98,30
70,1.2,35.83,0.7,15.47,1266.0,54.07,2.7,30
71,2.26,49.91,0.7,29.25,2393.0,66.59,3.33,30
72,2.68,55.5,0.7,34.71,2840.0,71.56,3.58,30
73,1.93,45.55,0.7,24.98,2044.0,62.71,3.14,30
74,3.3,63.66,0.7,42.69,3493.0,78.81,3.94,30
75,1.87,44.73,0.7,24.18,1978.0,61.98,3.1,30
76,3.36,64.49,0.7,43.5,3559.0,79.54,3.98,30
77,2.02,46.78,0.7,26.18,2142.0,63.8,3.19,30
78,2.82,57.36,0.7,36.53,2989.0,73.21,3.66,30
79,1.42,38.78,0.7,18.36,1502.0,56.69,2.83,30
80,2.58,54.15,0.7,33.39,2732.0,70.36,3.52,30
81,2.13,48.13,0.7,27.5,2250.0,65.0,3.25,30
82,2.14,48.29,0.7,27.66,2263.0,65.14,3.26,30
83,3.24,62.83,0.7,41.87,3426.0,78.07,3.9,30
84,1.74,43.04,0.7,22.53,1843.0,60.48,3.02,30
85,2.95,59.06,0.7,38.19,3125.0,74.72,3.74,30
86,3.31,63.76,0.7,42.79,3501.0,78.9,3.95,30
87,1.68,42.26,0.7,21.77,1781.0,59.79,2.99,30
88,2.77,56.65,0.7,35.84,2932.0,72.58,3.63,30
89,1.36,37.95,0.7,17.55,1436.0,55.96,2.8,30
90,1.25,36.55,0.7,16.18,1324.0,54.71,2.74,30
91,2.63,54.76,0.7,33.99,2781.0,70.9,3.55,30
92,2.27,50.01,0.7,29.35,2401.0,66.68,3.33,30
93,3.12,61.3,0.7,40.38,3304.0,76.71,3.84,30
94,1.19,35.76,0.7,15.41,1261.0,54.01,2.7,30
95,1.87,44.73,0.7,24.18,1978.0,61.98,3.1,30
96,2.25,49.78,0.7,29.11,2382.0,66.47,3.32,30
97,3.12,61.31,0.7,40.39,3305.0,76.72,3.84,30
98,2.94,58.94,0.7,38.07,3115.0,74.61,3.73,30
99,3.29,63.54,0.7,42.57,3483.0,78.7,3.94,30
100,1.2,35.91,0.7,15.56,1273.0,54.14,2.71,30
101,2.71,55.85,0.7,35.05,2868.0,71.87,3.59,30
102,2.57,54.04,0.7,33.28,2723.0,70.26,3.51,30
103,1.87,44.74,0.7,24.19,1979.0,61.99,3.1,30
104,2.96,59.23,0.7,38.35,3138.0,74.87,3.74,30
105,1.83,44.16,0.7,23.63,1933.0,61.48,3.07,30
106,1.22,36.14,0.7,15.78,1291.0,54.34,2.72,30
107,2.94,58.85,0.7,37.99,3108.0,74.53,3.73,30
108,2.57,53.95,0.7,33.2,2716.0,70.18,3.51,30
109,2.33,50.89,0.7,30.2,2471.0,67.46,3.37,30
110,2.45,52.48,0.7,31.75,2598.0,68.87,3.44,30
111,3.3,63.69,0.7,42.72,3495.0,78.83,3.94,30
112,2.68,55.45,0.7,34.66,2836.0,71.51,3.58,30
113,2.55,53.71,0.7,32.96,2697.0,69.97,3.5,30
114,3.29,63.6,0.7,42.63,3488.0,78.76,3.94,30
115,2.15,48.45,0.7,27.82,2276.0,65.29,3.26,30
116,1.25,36.59,0.7,16.22,1327.0,54.74,2.74,30
117,2.91,58.46,0.7,37.61,3077.0,74.19,3.71,30
118,2.9,58.39,0.7,37.53,3071.0,74.12,3.71,30
119,2.14,48.33,0.7,27.7,2266.0,65.18,3.26,30
120,1.84,44.41,0.7,23.87,1953.0,61.7,3.09,30
121,1.4,38.5,0.7,18.09,1480.0,56.44,2.82,30
122,1.76,43.3,0.7,22.78,1864.0,60.71,3.04,30
123,3.36,64.5,0.7,43.51,3560.0,79.56,3.98,30
124,1.65,41.83,0.7,21.34,1746.0,59.4,2.97,30
125,3.37,64.54,0.7,43.55,3563.0,79.59,3.98,30
126,1.97,46.14,0.7,25.56,2091.0,63.23,3.16,30
127,2.29,50.34,0.7,29.66,2427.0,66.97,3.35,30
128,2.46,52.58,0.7,31.85,2606.0,68.96,3.45,30
129,1.65,41.9,0.7,21.41,1752.0,59.47,2.97,30
130,2.54,53.61,0.7,32.87,2689.0,69.88,3.49,30
131,3.25,63.04,0.7,42.08,3443.0,78.26,3.91,30
132,1.86,44.58,0.7,24.03,1966.0,61.84,3.09,30
133,2.66,55.2,0.7,34.42,2816.0,71.29,3.56,30
134,1.71,42.64,0.7,22.13,1811.0,60.12,3.01,30
135,2.35,51.11,0.7,30.42,2489.0,67.66,3.38,30
136,2.57,54.0,0.7,33.24,2720.0,70.22,3.51,30
137,1.22,36.15,0.7,15.79,1292.0,54.36,2.72,30
138,2.96,59.24,0.7,38.37,3139.0,74.88,3.74,30
139,1.77,43.4,0.7,22.88,1872.0,60.8,3.04,30
140,2.2,49.11,0.7,28.47,2329.0,65.88,3.29,30
141,3.16,61.81,0.7,40.88,3345.0,77.17,3.86,30
142,2.07,47.46,0.7,26.85,2197.0,64.41,3.22,30
143,2.84,57.54,0.7,36.7,3003.0,73.37,3.67,30
144,1.8,43.88,0.7,23.34,1910.0,61.22,3.06,30
145,2.47,52.69,0.7,31.96,2615.0,69.06,3.45,30
146,1.81,44.0,0.7,23.47,1920.0,61.33,3.07,30
147,1.81,43.94,0.7,23.41,1915.0,61.28,3.06,30
148,1.37,38.09,0.7,17.69,1447.0,56.08,2.8,30
149,3.02,59.91,0.7,39.03,3193.0,75.48,3.77,30
150,1.97,46.1,0.7,25.52,2088.0,63.2,3.16,30
151,3.24,62.85,0.7,41.9,3428.0,78.09,3.9,30
152,3.13,61.45,0.7,40.53,3316.0,76.84,3.84,30
153,1.79,43.66,0.7,23.14,1893.0,61.03,3.05,30
154,1.15,35.24,0.7,14.9,1219.0,53.54,2.68,30
155,1.78,43.61,0.7,23.09,1889.0,60.99,3.05,30
156,3.13,61.39,0.7,40.47,3311.0,76.79,3.84,30
157,1.97,46.14,0.7,25.56,2091.0,63.23,3.16,30
158,3.13,61.46,0.7,40.54,3317.0,76.86,3.84,30
159,2.14,48.36,0.7,27.73,2269.0,65.21,3.26,30
160,2.88,58.16,0.7,37.31,3053.0,73.92,3.7,30
161,3.15,61.66,0.7,40.74,3333.0,77.03,3.85,30
162,2.71,55.83,0.7,35.03,2866.0,71.84,3.59,30
163,3.27,63.25,0.7,42.29,3460.0,78.44,3.92,30
164,1.64,41.71,0.7,21.23,1737.0,59.3,2.97,30
165,2.17,48.74,0.7,28.1,2299.0,65.54,3.28,30
166,2.11,47.96,0.7,27.34,2237.0,64.86,3.24,30
167,3.09,60.88,0.7,39.97,3270.0,76.33,3.82,30
168,2.09,47.66,0.7,27.05,2213.0,64.59,3.23,30
169,2.14,48.26,0.7,27.63,2261.0,65.12,3.26,30
170,2.58,54.11,0.7,33.35,2729.0,70.32,3.52,30
171,2.18,48.83,0.7,28.18,2306.0,65.62,3.28,30
172,1.44,39.08,0.7,18.65,1526.0,56.96,2.85,30
173,1.32,37.45,0.7,17.06,1396.0,55.51,2.78,30
174,1.19,35.74,0.7,15.39,1259.0,53.99,2.7,30
175,1.17,35.54,0.7,15.19,1243.0,53.81,2.69,30
176,2.19,48.96,0.7,28.32,2317.0,65.74,3.29,30
177,3.31,63.84,0.7,42.86,3507.0,78.97,3.95,30
178,2.77,56.6,0.7,35.79,2928.0,72.53,3.63,30
179,3.07,60.59,0.7,39.69,3247.0,76.08,3.8,30
180,2.27,49.99,0.7,29.32,2399.0,66.66,3.33,30
181,3.02,59.91,0.7,39.03,3193.0,75.48,3.77,30
182,2.27,50.03,0.7,29.36,2402.0,66.69,3.33,30
183,1.62,41.39,0.7,20.91,1711.0,59.01,2.95,30
184,1.69,42.36,0.7,21.87,1789.0,59.88,2.99,30
185,2.65,55.06,0.7,34.28,2805.0,71.17,3.56,30
186,3.3,63.66,0.7,42.69,3493.0,78.81,3.94,30
187,2.19,49.03,0.7,28.38,2322.0,65.8,3.29,30
188,2.38,51.54,0.7,30.84,2523.0,68.03,3.4,30
189,1.29,37.09,0.7,16.71,1367.0,55.19,2.76,30
190,1.76,43.28,0.7,22.76,1862.0,60.69,3.03,30
191,2.59,54.23,0.7,33.46,2738.0,70.42,3.52,30
192,2.28,50.19,0.7,29.52,2415.0,66.83,3.34,30
193,2.94,58.93,0.7,38.06,3114.0,74.6,3.73,30
194,2.28,50.2,0.7,29.53,2416.0,66.84,3.34,30
195,3.15,61.69,0.7,40.76,3335.0,77.06,3.85,30
196,2.29,50.29,0.7,29.61,2423.0,66.92,3.35,30
197,2.38,51.56,0.7,30.86,2525.0,68.06,3.4,30
198,3.33,64.01,0.7,43.03,3521.0,79.12,3.96,30
199,2.69,55.65,0.7,34.86,2852.0,71.69,3.58,30
200,2.15,48.4,0.7,27.77,2272.0,65.24,3.26,30
201,2.68,55.46,0.7,34.67,2837.0,71.52,3.58,30
202,1.57,40.79,0.7,20.33,1663.0,58.48,2.92,30
203,1.66,41.96,0.7,21.47,1757.0,59.52,2.98,30
204,2.9,58.4,0.7,37.55,3072.0,74.13,3.71,30
205,1.34,37.68,0.7,17.28,1414.0,55.71,2.79,30
206,2.8,57.1,0.7,36.28,2968.0,72.98,3.65,30
207,2.18,48.85,0.7,28.21,2308.0,65.64,3.28,30
208,3.26,63.21,0.7,42.25,3457.0,78.41,3.92,30
209,2.7,55.68,0.7,34.88,2854.0,71.71,3.59,30
210,2.11,47.91,0.7,27.29,2233.0,64.81,3.24,30
211,1.22,36.16,0.7,15.8,1293.0,54.37,2.72,30
212,2.22,49.38,0.7,28.72,2350.0,66.11,3.31,30
213,1.22,36.2,0.7,15.84,1296.0,54.4,2.72,30
214,3.29,63.6,0.7,42.63,3488.0,78.76,3.94,30
215,2.51,53.26,0.7,32.52,2661.0,69.57,3.48,30
216,1.63,41.53,0.7,21.05,1722.0,59.13,2.96,30
217,1.88,44.83,0.7,24.27,1986.0,62.07,3.1,30
218,2.38,51.5,0.7,30.8,2520.0,68.0,3.4,30
219,2.02,46.7,0.7,26.11,2136.0,63.73,3.19,30
220,1.57,40.78,0.7,20.31,1662.0,58.47,2.92,30
221,2.21,49.31,0.7,28.66,2345.0,66.06,3.3,30
222,1.45,39.23,0.7,18.8,1538.0,57.09,2.85,30
223,1.5,39.84,0.7,19.4,1587.0,57.63,2.88,30
224,2.21,49.24,0.7,28.59,2339.0,65.99,3.3,30
225,1.43,38.9,0.7,18.48,1512.0,56.8,2.84,30
226,1.8,43.79,0.7,23.26,1903.0,61.14,3.06,30
227,1.47,39.41,0.7,18.98,1553.0,57.26,2.86,30
228,2.02,46.71,0.7,26.12,2137.0,63.74,3.19,30
229,1.24,36.46,0.7,16.1,1317.0,54.63,2.73,30
230,2.68,55.43,0.7,34.64,2834.0,71.49,3.57,30
231,2.12,48.01,0.7,27.39,2241.0,64.9,3.25,30
232,1.46,39.33,0.7,18.9,1546.0,57.18,2.86,30
233,2.24,49.64,0.7,28.98,2371.0,66.34,3.32,30
234,3.08,60.8,0.7,39.89,3264.0,76.27,3.81,30
235,3.25,63.03,0.7,42.07,3442.0,78.24,3.91,30
236,2.67,55.29,0.7,34.5,2823.0,71.37,3.57,30
237,2.08,47.49,0.7,26.88,2199.0,64.43,3.22,30
238,3.1,61.09,0.7,40.17,3287.0,76.52,3.83,30
239,2.41,51.96,0.7,31.25,2557.0,68.41,3.42,30
240,2.73,56.18,0.7,35.37,2894.0,72.16,3.61,30
241,2.53,53.5,0.7,32.76,2680.0,69.78,3.49,30
242,1.56,40.71,0.7,20.25,1657.0,58.41,2.92,30
243,1.54,40.44,0.7,19.98,1635.0,58.17,2.91,30
244,2.35,51.08,0.7,30.38,2486.0,67.62,3.38,30
245,2.41,51.89,0.7,31.18,2551.0,68.34,3.42,30
246,3.1,61.0,0.7,40.09,3280.0,76.44,3.82,30
247,3.28,63.46,0.7,42.5,3477.0,78.63,3.93,30
248,2.77,56.71,0.7,35.9,2937.0,72.63,3.63,30
249,1.82,44.08,0.7,23.54,1926.0,61.4,3.07,30
250,1.58,40.88,0.7,20.41,1670.0,58.56,2.93,30
251,2.01,46.55,0.7,25.96,2124.0,63.6,3.18,30
252,2.88,58.11,0.7,37.27,3049.0,73.88,3.69,30
253,2.62,54.64,0.7,33.87,2771.0,70.79,3.54,30
254,1.95,45.78,0.7,25.2,2062.0,62.91,3.15,30
255,3.24,62.93,0.7,41.97,3434.0,78.16,3.91,30
256,1.4,38.51,0.7,18.1,1481.0,56.46,2.82,30
257,3.05,60.33,0.7,39.43,3226.0,75.84,3.79,30
258,2.29,50.36,0.7,29.69,2429.0,66.99,3.35,30
259,2.51,53.26,0.7,32.52,2661.0,69.57,3.48,30
260,2.46,52.5,0.7,31.78,2600.0,68.89,3.44,30
261,1.38,38.31,0.7,17.91,1465.0,56.28,2.81,30
262,1.57,40.83,0.7,20.36,1666.0,58.51,2.93,30
263,2.05,47.16,0.7,26.56,2173.0,64.14,3.21,30
264,2.4,51.81,0.7,31.11,2545.0,68.28,3.41,30
265,3.24,62.94,0.7,41.98,3435.0,78.17,3.91,30
266,1.23,36.34,0.7,15.97,1307.0,54.52,2.73,30
267,2.88,58.06,0.7,37.22,3045.0,73.83,3.69,30
268,1.76,43.24,0.7,22.72,1859.0,60.66,3.03,30
269,2.97,59.25,0.7,38.38,3140.0,74.89,3.74,30
270,1.26,36.74,0.7,16.37,1339.0,54.88,2.74,30
271,2.85,57.71,0.7,36.87,3017.0,73.52,3.68,30
272,1.29,37.01,0.7,16.63,1361.0,55.12,2.76,30
273,2.98,59.45,0.7,38.57,3156.0,75.07,3.75,30
274,2.79,56.95,0.7,36.13,2956.0,72.84,3.64,30
275,1.58,40.95,0.7,20.48,1676.0,58.62,2.93,30
276,2.65,55.11,0.7,34.33,2809.0,71.21,3.56,30
277,3.35,64.35,0.7,43.36,3548.0,79.42,3.97,30
278,1.5,39.83,0.7,19.38,1586.0,57.62,2.88,30
279,1.41,38.73,0.7,18.31,1498.0,56.64,2.83,30
280,2.04,47.05,0.7,26.45,2164.0,64.04,3.2,30
281,2.81,57.14,0.7,36.31,2971.0,73.01,3.65,30
282,2.65,55.08,0.7,34.3,2806.0,71.18,3.56,30
283,2.84,57.56,0.7,36.73,3005.0,73.39,3.67,30
284,1.87,44.81,0.7,24.26,1985.0,62.06,3.1,30
285,2.7,55.75,0.7,34.96,2860.0,71.78,3.59,30
286,2.4,51.71,0.7,31.01,2537.0,68.19,3.41,30
287,2.85,57.78,0.7,36.94,3022.0,73.58,3.68,30
288,2.58,54.18,0.7,33.42,2734.0,70.38,3.52,30
289,2.42,51.99,0.7,31.28,2559.0,68.43,3.42,30
290,2.83,57.46,0.7,36.63,2997.0,73.3,3.67,30
291,2.06,47.26,0.7,26.66,2181.0,64.23,3.21,30
292,2.96,59.24,0.7,38.37,3139.0,74.88,3.74,30
293,1.75,43.23,0.7,22.71,1858.0,60.64,3.03,30
294,2.86,57.91,0.7,37.07,3033.0,73.7,3.69,30
295,2.97,59.36,0.7,38.49,3149.0,74.99,3.75,30
296,3.03,60.06,0.7,39.17,3205.0,75.61,3.78,30
297,3.25,63.05,0.7,42.09,3444.0,78.27,3.91,30
298,2.92,58.59,0.7,37.73,3087.0,74.3,3.72,30
299,3.08,60.71,0.7,39.81,3257.0,76.19,3.81,30
300,1.62,41.44,0.7,20.96,1715.0,59.06,2.95,30
301,2.63,54.75,0.7,33.98,2780.0,70.89,3.54,30
302,2.14,48.39,0.7,27.76,2271.0,65.23,3.26,30
303,2.64,54.9,0.7,34.12,2792.0,71.02,3.55,30
304,3.36,64.5,0.7,43.51,3560.0,79.56,3.98,30
305,1.97,46.01,0.7,25.43,2081.0,63.12,3.16,30
306,2.03,46.81,0.7,26.22,2145.0,63.83,3.19,30
307,2.87,58.01,0.7,37.17,3041.0,73.79,3.69,30
308,1.31,37.34,0.7,16.95,1387.0,55.41,2.77,30
309,1.98,46.21,0.7,25.63,2097.0,63.3,3.17,30
310,2.86,57.89,0.7,37.05,3031.0,73.68,3.68,30
311,2.21,49.21,0.7,28.56,2337.0,65.97,3.3,30
312,1.47,39.45,0.7,19.02,1556.0,57.29,2.86,30
313,1.51,40.05,0.7,19.6,1604.0,57.82,2.89,30
314,1.17,35.49,0.7,15.14,1239.0,53.77,2.69,30
315,3.15,61.68,0.7,40.75,3334.0,77.04,3.85,30
316,2.9,58.38,0.7,37.52,3070.0,74.11,3.71,30
317,3.25,63.08,0.7,42.12,3446.0,78.29,3.91,30
318,2.61,54.51,0.7,33.75,2761.0,70.68,3.53,30
319,3.15,61.63,0.7,40.7,3330.0,77.0,3.85,30
320,2.28,50.18,0.7,29.5,2414.0,66.82,3.34,30
321,2.02,46.78,0.7,26.18,2142.0,63.8,3.19,30
322,1.97,46.03,0.7,25.45,2082.0,63.13,3.16,30
323,1.26,36.74,0.7,16.37,1339.0,54.88,2.74,30
324,1.32,37.51,0.7,17.12,1401.0,55.57,2.78,30
325,2.08,47.54,0.7,26.93,2203.0,64.48,3.22,30
326,1.51,40.0,0.7,19.56,1600.0,57.78,2.89,30
327,3.22,62.66,0.7,41.71,3413.0,77.92,3.9,30
328,3.14,61.5,0.7,40.58,3320.0,76.89,3.84,30
329,1.57,40.73,0.7,20.26,1658.0,58.42,2.92,30
330,1.46,39.3,0.7,18.87,1544.0,57.16,2.86,30
331,2.42,51.98,0.7,31.26,2558.0,68.42,3.42,30
332,3.19,62.24,0.7,41.3,3379.0,77.54,3.88,30
333,1.89,45.05,0.7,24.49,2004.0,62.27,3.11,30
334,1.96,45.98,0.7,25.4,2078.0,63.09,3.15,30
335,3.08,60.7,0.7,39.8,3256.0,76.18,3.81,30
336,2.32,50.7,0.7,30.02,2456.0,67.29,3.36,30
337,2.51,53.25,0.7,32.51,2660.0,69.56,3.48,30
338,1.53,40.28,0.7,19.82,1622.0,58.02,2.9,30
339,3.24,62.85,0.7,41.9,3428.0,78.09,3.9,30
340,2.13,48.2,0.7,27.57,2256.0,65.07,3.25,30
341,1.14,35.13,0.7,14.79,1210.0,53.44,2.67,30
342,1.72,42.7,0.7,22.2,1816.0,60.18,3.01,30
343,2.67,55.31,0.7,34.53,2825.0,71.39,3.57,30
344,2.51,53.16,0.7,32.43,2653.0,69.48,3.47,30
345,3.31,63.86,0.7,42.89,3509.0,78.99,3.95,30
346,1.28,36.98,0.7,16.6,1358.0,55.09,2.75,30
347,3.25,62.95,0.7,42.0,3436.0,78.18,3.91,30
348,1.67,42.13,0.7,21.63,1770.0,59.67,2.98,30
349,3.28,63.44,0.7,42.47,3475.0,78.61,3.93,30
350,1.15,35.19,0.7,14.85,1215.0,53.5,2.68,30
351,3.35,64.35,0.7,43.36,3548.0,79.42,3.97,30
352,2.19,49.0,0.7,28.36,2320.0,65.78,3.29,30
353,2.75,56.43,0.7,35.62,2914.0,72.38,3.62,30
354,3.08,60.71,0.7,39.81,3257.0,76.19,3.81,30
355,2.42,52.09,0.7,31.37,2567.0,68.52,3.43,30
356,1.81,43.96,0.7,23.43,1917.0,61.3,3.07,30
357,1.68,42.3,0.7,21.8,1784.0,59.82,2.99,30
358,1.48,39.56,0.7,19.13,1565.0,57.39,2.87,30
359,1.68,42.25,0.7,21.76,1780.0,59.78,2.99,30
360,2.36,51.2,0.7,30.51,2496.0,67.73,3.39,30
361,3.31,63.86,0.7,42.89,3509.0,78.99,3.95,30
362,1.57,40.74,0.7,20.28,1659.0,58.43,2.92,30
363,3.05,60.38,0.7,39.48,3230.0,75.89,3.79,30
364,3.23,62.69,0.7,41.74,3415.0,77.94,3.9,30
365,2.61,54.49,0.7,33.72,2759.0,70.66,3.53,30
366,1.51,39.98,0.7,19.53,1598.0,57.76,2.89,30
367,2.3,50.41,0.7,29.74,2433.0,67.03,3.35,30
368,2.69,55.65,0.7,34.86,2852.0,71.69,3.58,30
369,1.77,43.43,0.7,22.9,1874.0,60.82,3.04,30
370,2.85,57.68,0.7,36.84,3014.0,73.49,3.67,30
371,3.32,63.88,0.7,42.9,3510.0,79.0,3.95,30
372,2.27,50.09,0.7,29.42,2407.0,66.74,3.34,30
373,1.6,41.13,0.7,20.66,1690.0,58.78,2.94,30
374,1.54,40.35,0.7,19.9,1628.0,58.09,2.9,30
375,2.9,58.43,0.7,37.57,3074.0,74.16,3.71,30
376,3.35,64.28,0.7,43.29,3542.0,79.36,3.97,30
377,1.75,43.15,0.7,22.64,1852.0,60.58,3.03,30
378,2.24,49.69,0.7,29.03,2375.0,66.39,3.32,30
379,3.16,61.85,0.7,40.92,3348.0,77.2,3.86,30
380,1.72,42.81,0.7,22.31,1825.0,60.28,3.01,30
381,1.66,41.95,0.7,21.46,1756.0,59.51,2.98,30
382,2.12,48.1,0.7,27.48,2248.0,64.98,3.25,30
383,2.2,49.13,0.7,28.48,2330.0,65.89,3.29,30
384,1.41,38.7,0.7,18.28,1496.0,56.62,2.83,30
385,1.17,35.51,0.7,15.17,1241.0,53.79,2.69,30
386,3.03,60.1,0.7,39.21,3208.0,75.64,3.78,30
387,2.41,51.94,0.7,31.23,2555.0,68.39,3.42,30
388,2.14,48.36,0.7,27.73,2269.0,65.21,3.26,30
389,1.44,39.0,0.7,18.58,1520.0,56.89,2.84,30
390,3.22,62.58,0.7,41.63,3406.0,77.84,3.89,30
391,1.63,41.51,0.7,21.03,1721.0,59.12,2.96,30
392,3.31,63.75,0.7,42.78,3500.0,78.89,3.94,30
393,1.35,37.83,0.7,17.43,1426.0,55.84,2.79,30
394,2.68,55.48,0.7,34.69,2838.0,71.53,3.58,30
395,1.14,35.09,0.7,14.75,1207.0,53.41,2.67,30
396,2.38,51.55,0.7,30.85,2524.0,68.04,3.4,30
397,3.25,63.04,0.7,42.08,3443.0,78.26,3.91,30
398,1.82,44.09,0.7,23.55,1927.0,61.41,3.07,30
399,3.0,59.75,0.7,38.87,3180.0,75.33,3.77,30
400,3.15,61.64,0.7,40.71,3331.0,77.01,3.85,30
401,1.47,39.49,0.7,19.05,1559.0,57.32,2.87,30
402,2.7,55.76,0.7,34.97,2861.0,71.79,3.59,30
403,2.36,51.24,0.7,30.54,2499.0,67.77,3.39,30
404,1.69,42.4,0.7,21.9,1792.0,59.91,3.0,30
405,2.59,54.3,0.7,33.54,2744.0,70.49,3.52,30
406,2.84,57.64,0.7,36.8,3011.0,73.46,3.67,30
407,2.71,55.93,0.7,35.13,2874.0,71.93,3.6,30
408,1.93,45.55,0.7,24.98,2044.0,62.71,3.14,30
409,1.17,35.43,0.7,15.08,1234.0,53.71,2.69,30
410,2.59,54.34,0.7,33.57,2747.0,70.52,3.53,30
411,1.59,41.03,0.7,20.56,1682.0,58.69,2.93,30
412,2.14,48.39,0.7,27.76,2271.0,65.23,3.26,30
413,2.61,54.5,0.7,33.73,2760.0,70.67,3.53,30
414,2.53,53.55,0.7,32.8,2684.0,69.82,3.49,30
415,3.3,63.7,0.7,42.73,3496.0,78.84,3.94,30
416,2.56,53.86,0.7,33.11,2709.0,70.1,3.51,30
417,3.31,63.76,0.7,42.79,3501.0,78.9,3.95,30
418,2.33,50.88,0.7,30.19,2470.0,67.44,3.37,30
419,1.47,39.49,0.7,19.05,1559.0,57.32,2.87,30
420,3.08,60.79,0.7,39.88,3263.0,76.26,3.81,30
421,1.28,36.98,0.7,16.6,1358.0,55.09,2.75,30
422,2.07,47.34,0.7,26.73,2187.0,64.3,3.22,30
423,2.64,55.0,0.7,34.22,2800.0,71.11,3.56,30
424,1.5,39.84,0.7,19.4,1587.0,57.63,2.88,30
425,2.81,57.13,0.7,36.3,2970.0,73.0,3.65,30
426,2.09,47.71,0.7,27.1,2217.0,64.63,3.23,30
427,1.32,37.49,0.7,17.1,1399.0,55.54,2.78,30
428,1.8,43.85,0.7,23.32,1908.0,61.2,3.06,30
429,2.79,56.99,0.7,36.17,2959.0,72.88,3.64,30
430,2.25,49.79,0.7,29.13,2383.0,66.48,3.32,30
431,1.52,40.15,0.7,19.7,1612.0,57.91,2.9,30
1473,1.2,35.93,0.7,15.57,1274.0,54.16,2.71,30
1474,1.26,36.73,0.7,16.35,1338.0,54.87,2.74,30
1475,2.48,52.85,0.7,32.12,2628.0,69.2,3.46,30
1476,1.69,42.34,0.7,21.84,1787.0,59.86,2.99,30
1477,1.95,45.81,0.7,25.24,2065.0,62.94,3.15,30
1478,1.84,44.35,0.7,23.81,1948.0,61.64,3.08,30
1479,1.77,43.38,0.7,22.86,1870.0,60.78,3.04,30
1480,1.34,37.75,0.7,17.36,1420.0,55.78,2.79,30
1481,1.97,46.05,0.7,25.47,2084.0,63.16,3.16,30
1482,1.86,44.64,0.7,24.09,1971.0,61.9,3.1,30
1483,1.78,43.58,0.7,23.05,1886.0,60.96,3.05,30
1484,1.99,46.34,0.7,25.75,2107.0,63.41,3.17,30
1485,1.32,37.46,0.7,17.07,1397.0,55.52,2.78,30
1486,1.63,41.54,0.7,21.06,1723.0,59.14,2.96,30
1487,1.58,40.89,0.7,20.42,1671.0,58.57,2.93,30
1488,1.75,43.14,0.7,22.62,1851.0,60.57,3.03,30
1489,1.71,42.6,0.7,22.1,1808.0,60.09,3.0,30
1490,2.89,58.23,0.7,37.38,3058.0,73.98,3.7,30
1491,2.04,47.01,0.7,26.41,2161.0,64.01,3.2,30
1492,1.84,44.38,0.7,23.83,1950.0,61.67,3.08,30
1493,2.03,46.83,0.7,26.23,2146.0,63.84,3.19,30
1494,1.36,38.06,0.7,17.66,1445.0,56.06,2.8,30
1495,1.82,44.11,0.7,23.58,1929.0,61.43,3.07,30
1496,2.77,56.63,0.7,35.81,2930.0,72.56,3.63,30
1497,1.28,36.9,0.7,16.52,1352.0,55.02,2.75,30
1498,3.23,62.76,0.7,41.81,3421.0,78.01,3.9,30
1499,2.07,47.35,0.7,26.74,2188.0,64.31,3.22,30
1500,1.34,37.76,0.7,17.37,1421.0,55.79,2.79,30
1501,2.25,49.83,0.7,29.16,2386.0,66.51,3.33,30
1502,1.37,38.14,0.7,17.73,1451.0,56.12,2.81,30
1503,2.98,59.5,0.7,38.62,3160.0,75.11,3.76,30
1504,1.57,40.84,0.7,20.37,1667.0,58.52,2.93,30
1505,2.59,54.29,0.7,33.53,2743.0,70.48,3.52,30
1506,1.28,36.95,0.7,16.57,1356.0,55.07,2.75,30
1507,1.54,40.39,0.7,19.93,1631.0,58.12,2.91,30
1508,2.76,56.58,0.7,35.76,2926.0,72.51,3.63,30
1509,1.72,42.78,0.7,22.27,1822.0,60.24,3.01,30
1510,1.61,41.26,0.7,20.79,1701.0,58.9,2.95,30
1511,2.98,59.49,0.7,38.61,3159.0,75.1,3.76,30
1512,1.83,44.26,0.7,23.72,1941.0,61.57,3.08,30
1513,2.28,50.11,0.7,29.44,2409.0,66.77,3.34,30
1514,2.69,55.66,0.7,34.87,2853.0,71.7,3.59,30
1515,3.33,64.03,0.7,43.05,3522.0,79.13,3.96,30
1516,1.78,43.58,0.7,23.05,1886.0,60.96,3.05,30
1517,1.89,45.06,0.7,24.51,2005.0,62.28,3.11,30
1518,1.93,45.58,0.7,25.01,2046.0,62.73,3.14,30
1519,2.53,53.43,0.7,32.68,2674.0,69.71,3.49,30
1520,1.87,44.79,0.7,24.24,1983.0,62.03,3.1,30
1521,1.89,44.98,0.7,24.42,1998.0,62.2,3.11,30
1522,2.25,49.74,0.7,29.08,2379.0,66.43,3.32,30
1523,2.93,58.83,0.7,37.96,3106.0,74.51,3.73,30
1524,3.35,64.29,0.7,43.3,3543.0,79.37,3.97,30
1525,2.93,58.83,0.7,37.96,3106.0,74.51,3.73,30
1526,1.74,43.06,0.7,22.55,1845.0,60.5,3.03,30
1527,2.71,55.88,0.7,35.08,2870.0,71.89,3.59,30
1528,2.69,55.66,0.7,34.87,2853.0,71.7,3.59,30
1529,1.19,35.73,0.7,15.38,1258.0,53.98,2.7,30
1530,1.34,37.78,0.7,17.38,1422.0,55.8,2.79,30
1531,2.75,56.43,0.7,35.62,2914.0,72.38,3.62,30
1532,3.26,63.13,0.7,42.17,3450.0,78.33,3.92,30
1533,2.87,58.03,0.7,37.18,3042.0,73.8,3.69,30
1534,2.35,51.06,0.7,30.37,2485.0,67.61,3.38,30
1535,2.65,55.08,0.7,34.3,2806.0,71.18,3.56,30
1536,2.11,47.96,0.7,27.34,2237.0,64.86,3.24,30
1537,2.33,50.83,0.7,30.14,2466.0,67.4,3.37,30
1538,3.23,62.74,0.7,41.79,3419.0,77.99,3.9,30
1539,1.35,37.86,0.7,17.47,1429.0,55.88,2.79,30
1540,1.65,41.86,0.7,21.38,1749.0,59.43,2.97,30
1541,1.94,45.65,0.7,25.08,2052.0,62.8,3.14,30
1542,2.92,58.69,0.7,37.83,3095.0,74.39,3.72,30
1543,3.21,62.54,0.7,41.59,3403.0,77.81,3.89,30
1544,3.05,60.35,0.7,39.45,3228.0,75.87,3.79,30
1545,2.37,51.43,0.7,30.73,2514.0,67.93,3.4,30
1546,1.55,40.5,0.7,20.04,1640.0,58.22,2.91,30
1547,2.31,50.64,0.7,29.96,2451.0,67.23,3.36,30
1548,3.14,61.51,0.7,40.59,3321.0,76.9,3.85,30
1549,2.85,57.66,0.7,36.83,3013.0,73.48,3.67,30
1550,1.58,40.89,0.7,20.42,1671.0,58.57,2.93,30
1551,2.85,57.76,0.7,36.92,3021.0,73.57,3.68,30
1552,2.79,56.91,0.7,36.09,2953.0,72.81,3.64,30
1553,3.37,64.55,0.7,43.56,3564.0,79.6,3.98,30
1554,1.44,39.03,0.7,18.6,1522.0,56.91,2.85,30
1555,2.62,54.66,0.7,33.89,2773.0,70.81,3.54,30
1556,2.01,46.54,0.7,25.95,2123.0,63.59,3.18,30
1557,1.89,45.08,0.7,24.52,2006.0,62.29,3.11,30
1558,3.32,63.89,0.7,42.91,3511.0,79.01,3.95,30
1559,2.8,57.1,0.7,36.28,2968.0,72.98,3.65,30
1560,2.0,46.44,0.7,25.85,2115.0,63.5,3.18,30
1561,2.6,54.39,0.7,33.62,2751.0,70.57,3.53,30
1562,2.36,51.25,0.7,30.56,2500.0,67.78,3.39,30
1563,1.73,42.86,0.7,22.35,1829.0,60.32,3.02,30
1564,1.43,38.88,0.7,18.46,1510.0,56.78,2.84,30
1565,2.8,57.05,0.7,36.23,2964.0,72.93,3.65,30
1566,1.65,41.89,0.7,21.4,1751.0,59.46,2.97,30
1567,1.32,37.53,0.7,17.14,1402.0,55.58,2.78,30
1568,3.02,59.99,0.7,39.1,3199.0,75.54,3.78,30
1569,1.44,39.1,0.7,18.68,1528.0,56.98,2.85,30
1570,1.21,36.05,0.7,15.69,1284.0,54.27,2.71,30
1571,1.48,39.54,0.7,19.1,1563.0,57.37,2.87,30
1572,2.2,49.16,0.7,28.51,2333.0,65.92,3.3,30
1573,1.4,38.49,0.7,18.08,1479.0,56.43,2.82,30
1574,1.85,44.45,0.7,23.91,1956.0,61.73,3.09,30
1575,3.25,63.06,0.7,42.11,3445.0,78.28,3.91,30
1576,2.08,47.55,0.7,26.94,2204.0,64.49,3.22,30
1577,3.0,59.73,0.7,38.84,3178.0,75.31,3.77,30
1578,2.13,48.23,0.7,27.6,2258.0,65.09,3.25,30
1579,1.76,43.3,0.7,22.78,1864.0,60.71,3.04,30
1580,1.67,42.1,0.7,21.61,1768.0,59.64,2.98,30
1581,2.22,49.44,0.7,28.78,2355.0,66.17,3.31,30
1582,2.57,53.96,0.7,33.21,2717.0,70.19,3.51,30
1583,3.27,63.28,0.7,42.31,3462.0,78.47,3.92,30
1584,1.33,37.56,0.7,17.17,1405.0,55.61,2.78,30
1585,2.86,57.89,0.7,37.05,3031.0,73.68,3.68,30
1586,2.24,49.61,0.7,28.95,2369.0,66.32,3.32,30
1587,1.16,35.3,0.7,14.96,1224.0,53.6,2.68,30
1588,1.23,36.34,0.7,15.97,1307.0,54.52,2.73,30
1589,1.6,41.14,0.7,20.67,1691.0,58.79,2.94,30
1590,1.25,36.58,0.7,16.21,1326.0,54.73,2.74,30
1591,3.26,63.18,0.7,42.22,3454.0,78.38,3.92,30
1592,3.27,63.28,0.7,42.31,3462.0,78.47,3.92,30
1593,3.2,62.35,0.7,41.41,3388.0,77.64,3.88,30
1594,1.25,36.54,0.7,16.17,1323.0,54.7,2.74,30
1595,2.04,46.95,0.7,26.35,2156.0,63.96,3.2,30
1596,2.72,55.94,0.7,35.14,2875.0,71.94,3.6,30
1597,2.02,46.69,0.7,26.09,2135.0,63.72,3.19,30
1598,1.96,45.93,0.7,25.35,2074.0,63.04,3.15,30
1599,2.12,48.04,0.7,27.41,2243.0,64.92,3.25,30
1600,1.82,44.13,0.7,23.59,1930.0,61.44,3.07,30
1601,2.13,48.24,0.7,27.61,2259.0,65.1,3.26,30
1602,3.06,60.5,0.7,39.6,3240.0,76.0,3.8,30
1603,1.78,43.58,0.7,23.05,1886.0,60.96,3.05,30
1604,3.18,62.14,0.7,41.2,3371.0,77.46,3.87,30
1605,2.82,57.26,0.7,36.43,2981.0,73.12,3.66,30
1606,1.67,42.09,0.7,21.6,1767.0,59.63,2.98,30
1607,1.5,39.9,0.7,19.46,1592.0,57.69,2.88,30
1608,1.91,45.26,0.7,24.7,2021.0,62.46,3.12,30
1609,2.9,58.33,0.7,37.47,3066.0,74.07,3.7,30
1610,3.32,63.88,0.7,42.9,3510.0,79.0,3.95,30
1611,2.01,46.64,0.7,26.05,2131.0,63.68,3.18,30
1612,2.26,49.85,0.7,29.19,2388.0,66.53,3.33,30
1613,1.24,36.35,0.7,15.99,1308.0,54.53,2.73,30
1614,2.85,57.73,0.7,36.89,3018.0,73.53,3.68,30
1615,1.72,42.83,0.7,22.32,1826.0,60.29,3.01,30
1616,1.16,35.31,0.7,14.97,1225.0,53.61,2.68,30
1617,2.3,50.38,0.7,29.7,2430.0,67.0,3.35,30
1618,3.05,60.43,0.7,39.53,3234.0,75.93,3.8,30
1619,2.09,47.66,0.7,27.05,2213.0,64.59,3.23,30
1620,2.03,46.84,0.7,26.24,2147.0,63.86,3.19,30
1621,2.4,51.79,0.7,31.08,2543.0,68.26,3.41,30
1622,2.05,47.18,0.7,26.57,2174.0,64.16,3.21,30
1623,1.96,45.88,0.7,25.3,2070.0,63.0,3.15,30
1624,3.32,63.88,0.7,42.9,3510.0,79.0,3.95,30
1625,2.01,46.54,0.7,25.95,2123.0,63.59,3.18,30
1626,3.23,62.78,0.7,41.82,3422.0,78.02,3.9,30
1627,2.21,49.3,0.7,28.65,2344.0,66.04,3.3,30
1628,3.2,62.39,0.7,41.45,3391.0,77.68,3.88,30
1629,1.6,41.11,0.7,20.64,1689.0,58.77,2.94,30
1630,2.66,55.15,0.7,34.37,2812.0,71.24,3.56,30
1631,3.08,60.81,0.7,39.91,3265.0,76.28,3.81,30
1632,2.67,55.35,0.7,34.56,2828.0,71.42,3.57,30
1633,2.2,49.06,0.7,28.42,2325.0,65.83,3.29,30
1634,1.71,42.69,0.7,22.18,1815.0,60.17,3.01,30
1635,2.61,54.49,0.7,33.72,2759.0,70.66,3.53,30
1636,1.87,44.78,0.7,24.22,1982.0,62.02,3.1,30
1637,1.15,35.19,0.7,14.85,1215.0,53.5,2.68,30
1638,2.45,52.4,0.7,31.68,2592.0,68.8,3.44,30
1639,3.06,60.5,0.7,39.6,3240.0,76.0,3.8,30
1640,2.95,59.05,0.7,38.18,3124.0,74.71,3.74,30
1641,1.65,41.78,0.7,21.29,1742.0,59.36,2.97,30
1642,1.58,40.85,0.7,20.39,1668.0,58.53,2.93,30
1643,1.85,44.46,0.7,23.92,1957.0,61.74,3.09,30
1644,1.39,38.38,0.7,17.97,1470.0,56.33,2.82,30
1645,2.35,51.06,0.7,30.37,2485.0,67.61,3.38,30
1646,1.74,43.0,0.7,22.49,1840.0,60.44,3.02,30
1647,2.4,51.8,0.7,31.09,2544.0,68.27,3.41,30
1648,1.45,39.25,0.7,18.82,1540.0,57.11,2.86,30
1649,1.41,38.71,0.7,18.3,1497.0,56.63,2.83,30
1650,2.96,59.18,0.7,38.3,3134.0,74.82,3.74,30
1651,1.55,40.55,0.7,20.09,1644.0,58.27,2.91,30
1652,3.36,64.41,0.7,43.43,3553.0,79.48,3.97,30
1653,3.31,63.8,0.7,42.83,3504.0,78.93,3.95,30
1654,3.28,63.4,0.7,42.44,3472.0,78.58,3.93,30
1655,2.31,50.55,0.7,29.87,2444.0,67.16,3.36,30
1656,1.53,40.3,0.7,19.85,1624.0,58.04,2.9,30
1657,1.69,42.41,0.7,21.91,1793.0,59.92,3.0,30
1658,2.95,59.04,0.7,38.17,3123.0,74.7,3.74,30
1659,2.6,54.38,0.7,33.61,2750.0,70.56,3.53,30
1660,1.29,37.05,0.7,16.67,1364.0,55.16,2.76,30
1661,2.72,55.96,0.7,35.16,2877.0,71.97,3.6,30
1662,1.75,43.2,0.7,22.68,1856.0,60.62,3.03,30
1663,1.4,38.51,0.7,18.1,1481.0,56.46,2.82,30
1664,3.19,62.21,0.7,41.27,3377.0,77.52,3.88,30
1665,2.08,47.51,0.7,26.9,2201.0,64.46,3.22,30
1666,2.64,54.9,0.7,34.12,2792.0,71.02,3.55,30
1667,1.85,44.51,0.7,23.97,1961.0,61.79,3.09,30
1668,1.53,40.23,0.7,19.78,1618.0,57.98,2.9,30
1669,1.99,46.39,0.7,25.8,2111.0,63.46,3.17,30
1670,3.02,59.96,0.7,39.07,3197.0,75.52,3.78,30
1671,3.31,63.76,0.7,42.79,3501.0,78.9,3.95,30
1672,2.96,59.2,0.7,38.33,3136.0,74.84,3.74,30
1673,2.35,51.1,0.7,30.41,2488.0,67.64,3.38,30
1674,1.46,39.36,0.7,18.93,1549.0,57.21,2.86,30
1675,2.21,49.19,0.7,28.54,2335.0,65.94,3.3,30
1676,1.83,44.28,0.7,23.74,1942.0,61.58,3.08,30
1677,2.88,58.13,0.7,37.28,3050.0,73.89,3.69,30
1678,2.13,48.14,0.7,27.51,2251.0,65.01,3.25,30
1679,2.69,55.64,0.7,34.85,2851.0,71.68,3.58,30
1680,1.78,43.58,0.7,23.05,1886.0,60.96,3.05,30
1681,2.94,58.96,0.7,38.1,3117.0,74.63,3.73,30
1682,1.99,46.38,0.7,25.79,2110.0,63.44,3.17,30
1683,2.26,49.9,0.7,29.24,2392.0,66.58,3.33,30
1684,3.15,61.73,0.7,40.8,3338.0,77.09,3.85,30
1685,2.91,58.46,0.7,37.61,3077.0,74.19,3.71,30
1686,1.75,43.11,0.7,22.6,1849.0,60.54,3.03,30
1687,1.68,42.26,0.7,21.77,1781.0,59.79,2.99,30
1688,1.87,44.74,0.7,24.19,1979.0,61.99,3.1,30
1689,1.68,42.21,0.7,21.72,1777.0,59.74,2.99,30
1690,2.08,47.58,0.7,26.96,2206.0,64.51,3.23,30
1691,1.75,43.15,0.7,22.64,1852.0,60.58,3.03,30
1692,2.12,48.0,0.7,27.38,2240.0,64.89,3.24,30
1693,2.46,52.59,0.7,31.86,2607.0,68.97,3.45,30
1694,2.06,47.24,0.7,26.63,2179.0,64.21,3.21,30
1695,1.26,36.65,0.7,16.28,1332.0,54.8,2.74,30
1696,2.47,52.68,0.7,31.95,2614.0,69.04,3.45,30
1697,2.95,59.1,0.7,38.23,3128.0,74.76,3.74,30
1698,3.15,61.64,0.7,40.71,3331.0,77.01,3.85,30
1699,1.16,35.33,0.7,14.98,1226.0,53.62,2.68,30
1700,2.62,54.74,0.7,33.97,2779.0,70.88,3.54,30
1701,1.5,39.89,0.7,19.45,1591.0,57.68,2.88,30
1702,3.27,63.29,0.7,42.33,3463.0,78.48,3.92,30
1703,1.76,43.3,0.7,22.78,1864.0,60.71,3.04,30
1704,2.21,49.29,0.7,28.64,2343.0,66.03,3.3,30
1705,1.74,43.09,0.7,22.57,1847.0,60.52,3.03,30
1706,2.22,49.33,0.7,28.67,2346.0,66.07,3.3,30
1707,3.02,60.03,0.7,39.14,3202.0,75.58,3.78,30
1708,2.2,49.13,0.7,28.48,2330.0,65.89,3.29,30
1709,2.94,58.93,0.7,38.06,3114.0,74.6,3.73,30
1710,3.25,62.95,0.7,42.0,3436.0,78.18,3.91,30
1711,2.27,50.01,0.7,29.35,2401.0,66.68,3.33,30
1712,1.44,39.03,0.7,18.6,1522.0,56.91,2.85,30
1713,2.43,52.18,0.7,31.46,2574.0,68.6,3.43,30
1714,1.44,39.1,0.7,18.68,1528.0,56.98,2.85,30
1715,2.03,46.84,0.7,26.24,2147.0,63.86,3.19,30
1716,2.75,56.45,0.7,35.64,2916.0,72.4,3.62,30
1717,2.49,52.91,0.7,32.18,2633.0,69.26,3.46,30
1718,3.0,59.65,0.7,38.77,3172.0,75.24,3.76,30
1719,1.3,37.25,0.7,16.87,1380.0,55.33,2.77,30
1720,1.72,42.74,0.7,22.23,1819.0,60.21,3.01,30
1721,3.33,64.08,0.7,43.1,3526.0,79.18,3.96,30
1722,3.17,62.01,0.7,41.08,3361.0,77.34,3.87,30
1723,1.22,36.2,0.7,15.84,1296.0,54.4,2.72,30
1724,1.62,41.4,0.7,20.92,1712.0,59.02,2.95,30
1725,2.01,46.6,0.7,26.01,2128.0,63.64,3.18,30
1726,1.4,38.48,0.7,18.06,1478.0,56.42,2.82,30
1727,2.83,57.48,0.7,36.64,2998.0,73.31,3.67,30
1728,2.2,49.11,0.7,28.47,2329.0,65.88,3.29,30
1729,2.42,51.98,0.7,31.26,2558.0,68.42,3.42,30
1730,1.78,43.5,0.7,22.98,1880.0,60.89,3.04,30
1731,2.69,55.61,0.7,34.82,2849.0,71.66,3.58,30
1732,2.9,58.34,0.7,37.49,3067.0,74.08,3.7,30
1733,3.02,59.99,0.7,39.1,3199.0,75.54,3.78,30
1734,2.12,48.03,0.7,27.4,2242.0,64.91,3.25,30
1735,2.18,48.89,0.7,28.25,2311.0,65.68,3.28,30
1736,1.34,37.68,0.7,17.28,1414.0,55.71,2.79,30
1737,1.38,38.2,0.7,17.8,1456.0,56.18,2.81,30
1738,1.86,44.56,0.7,24.02,1965.0,61.83,3.09,30
1739,2.23,49.55,0.7,28.89,2364.0,66.27,3.31,30
1740,2.03,46.9,0.7,26.3,2152.0,63.91,3.2,30
1741,3.1,61.09,0.7,40.17,3287.0,76.52,3.83,30
1742,1.34,37.7,0.7,17.31,1416.0,55.73,2.79,30
1743,1.24,36.38,0.7,16.01,1310.0,54.56,2.73,30
1744,1.37,38.1,0.7,17.7,1448.0,56.09,2.8,30
1745,3.07,60.65,0.7,39.75,3252.0,76.13,3.81,30
1746,1.21,35.98,0.7,15.62,1278.0,54.2,2.71,30
1747,2.46,52.56,0.7,31.84,2605.0,68.94,3.45,30
1748,1.53,40.25,0.7,19.8,1620.0,58.0,2.9,30
1749,1.33,37.66,0.7,17.27,1413.0,55.7,2.79,30
1750,1.74,42.99,0.7,22.48,1839.0,60.43,3.02,30
1751,2.84,57.54,0.7,36.7,3003.0,73.37,3.67,30
1752,2.15,48.45,0.7,27.82,2276.0,65.29,3.26,30
1753,1.66,42.01,0.7,21.52,1761.0,59.57,2.98,30
1754,2.29,50.35,0.7,29.68,2428.0,66.98,3.35,30
1755,2.38,51.49,0.7,30.79,2519.0,67.99,3.4,30
1756,3.07,60.58,0.7,39.67,3246.0,76.07,3.8,30
1757,1.28,36.93,0.7,16.55,1354.0,55.04,2.75,30
1758,1.28,36.96,0.7,16.59,1357.0,55.08,2.75,30
1759,2.56,53.9,0.7,33.15,2712.0,70.13,3.51,30
1760,2.23,49.45,0.7,28.8,2356.0,66.18,3.31,30
1761,1.63,41.54,0.7,21.06,1723.0,59.14,2.96,30
1762,1.54,40.43,0.7,19.97,1634.0,58.16,2.91,30
1763,3.08,60.8,0.7,39.89,3264.0,76.27,3.81,30
1764,1.96,45.89,0.7,25.31,2071.0,63.01,3.15,30
1765,2.58,54.19,0.7,33.43,2735.0,70.39,3.52,30
1766,2.08,47.5,0.7,26.89,2200.0,64.44,3.22,30
1767,2.28,50.24,0.7,29.57,2419.0,66.88,3.34,30
1768,3.18,62.13,0.7,41.19,3370.0,77.44,3.87,30
1769,1.78,43.51,0.7,22.99,1881.0,60.9,3.05,30
1770,2.67,55.3,0.7,34.52,2824.0,71.38,3.57,30
1771,1.46,39.39,0.7,18.96,1551.0,57.23,2.86,30
1772,2.28,50.18,0.7,29.5,2414.0,66.82,3.34,30
1773,1.54,40.38,0.7,19.92,1630.0,58.11,2.91,30
1774,2.75,56.34,0.7,35.53,2907.0,72.3,3.62,30
1775,1.68,42.3,0.7,21.8,1784.0,59.82,2.99,30
1776,1.23,36.31,0.7,15.95,1305.0,54.5,2.73,30
1777,1.43,38.86,0.7,18.44,1509.0,56.77,2.84,30
1778,2.99,59.64,0.7,38.76,3171.0,75.23,3.76,30
1779,2.63,54.76,0.7,33.99,2781.0,70.9,3.55,30
1780,2.88,58.09,0.7,37.24,3047.0,73.86,3.69,30
1781,3.18,62.03,0.7,41.09,3362.0,77.36,3.87,30
1782,2.04,46.94,0.7,26.34,2155.0,63.94,3.2,30
1783,1.47,39.41,0.7,18.98,1553.0,57.26,2.86,30
1784,1.15,35.26,0.7,14.92,1221.0,53.57,2.68,30
1785,1.19,35.75,0.7,15.4,1260.0,54.0,2.7,30
1786,2.05,47.09,0.7,26.49,2167.0,64.08,3.2,30
1787,3.21,62.43,0.7,41.48,3394.0,77.71,3.89,30
1788,3.35,64.39,0.7,43.4,3551.0,79.46,3.97,30
1789,2.72,55.95,0.7,35.15,2876.0,71.96,3.6,30
1790,2.56,53.86,0.7,33.11,2709.0,70.1,3.51,30
1791,2.16,48.63,0.7,27.99,2290.0,65.44,3.27,30
1792,3.35,64.28,0.7,43.29,3542.0,79.36,3.97,30
1793,1.17,35.55,0.7,15.2,1244.0,53.82,2.69,30
1794,2.89,58.23,0.7,37.38,3058.0,73.98,3.7,30
1795,2.31,50.61,0.7,29.93,2449.0,67.21,3.36,30
1796,1.81,43.98,0.7,23.44,1918.0,61.31,3.07,30
1797,2.99,59.54,0.7,38.66,3163.0,75.14,3.76,30
1798,1.36,38.03,0.7,17.62,1442.0,56.02,2.8,30
1799,2.09,47.63,0.7,27.01,2210.0,64.56,3.23,30
1800,1.74,42.98,0.7,22.46,1838.0,60.42,3.02,30
1801,1.4,38.5,0.7,18.09,1480.0,56.44,2.82,30
1802,2.68,55.45,0.7,34.66,2836.0,71.51,3.58,30
1803,2.77,56.69,0.7,35.87,2935.0,72.61,3.63,30
1804,1.51,39.93,0.7,19.48,1594.0,57.71,2.89,30
1805,1.69,42.33,0.7,21.83,1786.0,59.84,2.99,30
1806,2.22,49.35,0.7,28.7,2348.0,66.09,3.3,30
1807,2.63,54.81,0.7,34.04,2785.0,70.94,3.55,30
1808,2.18,48.91,0.7,28.27,2313.0,65.7,3.29,30
1809,1.54,40.39,0.7,19.93,1631.0,58.12,2.91,30
1810,1.64,41.66,0.7,21.18,1733.0,59.26,2.96,30
1811,2.38,51.54,0.7,30.84,2523.0,68.03,3.4,30
1812,1.87,44.78,0.7,24.22,1982.0,62.02,3.1,30
1813,2.43,52.14,0.7,31.42,2571.0,68.57,3.43,30
1814,1.61,41.26,0.7,20.79,1701.0,58.9,2.95,30
1815,1.88,44.94,0.7,24.38,1995.0,62.17,3.11,30
1816,2.43,52.14,0.7,31.42,2571.0,68.57,3.43,30
1817,1.77,43.45,0.7,22.93,1876.0,60.84,3.04,30
1818,2.32,50.73,0.7,30.04,2458.0,67.31,3.37,30
1819,3.01,59.79,0.7,38.9,3183.0,75.37,3.77,30
1820,1.48,39.55,0.7,19.12,1564.0,57.38,2.87,30
1821,2.04,46.98,0.7,26.38,2158.0,63.98,3.2,30
1822,1.72,42.74,0.7,22.23,1819.0,60.21,3.01,30
1823,2.09,47.69,0.7,27.07,2215.0,64.61,3.23,30
1824,1.5,39.9,0.7,19.46,1592.0,57.69,2.88,30
1825,2.76,56.58,0.7,35.76,2926.0,72.51,3.63,30
1826,2.19,48.96,0.7,28.32,2317.0,65.74,3.29,30
1827,3.21,62.44,0.7,41.49,3395.0,77.72,3.89,30
1828,2.08,47.49,0.7,26.88,2199.0,64.43,3.22,30
1829,2.81,57.23,0.7,36.4,2978.0,73.09,3.65,30
1830,1.2,35.9,0.7,15.55,1272.0,54.13,2.71,30
1831,3.14,61.55,0.7,40.63,3324.0,76.93,3.85,30
1832,3.23,62.69,0.7,41.74,3415.0,77.94,3.9,30
1833,1.79,43.71,0.7,23.19,1897.0,61.08,3.05,30
1834,1.39,38.38,0.7,17.97,1470.0,56.33,2.82,30
1835,3.08,60.81,0.7,39.91,3265.0,76.28,3.81,30
1836,2.56,53.88,0.7,33.12,2710.0,70.11,3.51,30
1837,3.12,61.35,0.7,40.43,3308.0,76.76,3.84,30
1838,1.21,35.95,0.7,15.6,1276.0,54.18,2.71,30
1839,1.26,36.61,0.7,16.24,1329.0,54.77,2.74,30
1840,1.62,41.4,0.7,20.92,1712.0,59.02,2.95,30
1841,3.15,61.68,0.7,40.75,3334.0,77.04,3.85,30
1842,2.44,52.29,0.7,31.57,2583.0,68.7,3.44,30
1843,1.9,45.18,0.7,24.62,2014.0,62.38,3.12,30
1844,2.21,49.29,0.7,28.64,2343.0,66.03,3.3,30
1845,2.86,57.9,0.7,37.06,3032.0,73.69,3.68,30
1846,3.07,60.68,0.7,39.77,3254.0,76.16,3.81,30
1847,2.67,55.3,0.7,34.52,2824.0,71.38,3.57,30
1848,2.94,58.98,0.7,38.11,3118.0,74.64,3.73,30
1849,2.04,46.99,0.7,26.39,2159.0,63.99,3.2,30
1850,1.53,40.23,0.7,19.78,1618.0,57.98,2.9,30
1851,1.57,40.78,0.7,20.31,1662.0,58.47,2.92,30
1852,2.43,52.1,0.7,31.39,2568.0,68.53,3.43,30
1853,2.41,51.86,0.7,31.15,2549.0,68.32,3.42,30
1854,2.56,53.9,0.7,33.15,2712.0,70.13,3.51,30
1855,2.85,57.68,0.7,36.84,3014.0,73.49,3.67,30
1856,2.56,53.84,0.7,33.09,2707.0,70.08,3.5,30
1857,1.38,38.2,0.7,17.8,1456.0,56.18,2.81,30
1858,1.93,45.55,0.7,24.98,2044.0,62.71,3.14,30
1859,1.35,37.84,0.7,17.44,1427.0,55.86,2.79,30
1860,1.94,45.66,0.7,25.09,2053.0,62.81,3.14,30
1861,1.97,46.11,0.7,25.53,2089.0,63.21,3.16,30
1862,1.81,44.0,0.7,23.47,1920.0,61.33,3.07,30
1863,3.34,64.19,0.7,43.21,3535.0,79.28,3.96,30
1864,2.49,52.91,0.7,32.18,2633.0,69.26,3.46,30
1865,2.16,48.56,0.7,27.93,2285.0,65.39,3.27,30
1866,3.03,60.06,0.7,39.17,3205.0,75.61,3.78,30
1867,1.26,36.73,0.7,16.35,1338.0,54.87,2.74,30
1868,1.67,42.09,0.7,21.6,1767.0,59.63,2.98,30
1869,2.58,54.1,0.7,33.34,2728.0,70.31,3.52,30
1870,3.19,62.18,0.7,41.24,3374.0,77.49,3.87,30
1871,3.04,60.25,0.7,39.36,3220.0,75.78,3.79,30
1872,1.95,45.79,0.7,25.21,2063.0,62.92,3.15,30
1873,1.96,45.88,0.7,25.3,2070.0,63.0,3.15,30
1874,1.46,39.39,0.7,18.96,1551.0,57.23,2.86,30
1875,1.62,41.39,0.7,20.91,1711.0,59.01,2.95,30
1876,2.1,47.76,0.7,27.15,2221.0,64.68,3.23,30
1877,1.14,35.09,0.7,14.75,1207.0,53.41,2.67,30
1878,2.55,53.8,0.7,33.05,2704.0,70.04,3.5,30
1879,2.72,56.05,0.7,35.25,2884.0,72.04,3.6,30
1880,3.25,63.03,0.7,42.07,3442.0,78.24,3.91,30
1881,3.06,60.44,0.7,39.54,3235.0,75.94,3.8,30
1882,2.72,55.98,0.7,35.18,2878.0,71.98,3.6,30
1883,1.95,45.84,0.7,25.26,2067.0,62.97,3.15,30
1884,2.21,49.31,0.7,28.66,2345.0,66.06,3.3,30
1885,3.03,60.16,0.7,39.27,3213.0,75.7,3.79,30
1886,2.92,58.6,0.7,37.74,3088.0,74.31,3.72,30
1887,1.83,44.16,0.7,23.63,1933.0,61.48,3.07,30
1888,3.13,61.44,0.7,40.52,3315.0,76.83,3.84,30
1889,1.27,36.78,0.7,16.4,1342.0,54.91,2.75,30
1890,1.16,35.33,0.7,14.98,1226.0,53.62,2.68,30
1891,2.97,59.36,0.7,38.49,3149.0,74.99,3.75,30
1892,3.13,61.36,0.7,40.44,3309.0,76.77,3.84,30
1893,2.83,57.45,0.7,36.62,2996.0,73.29,3.66,30
1894,2.7,55.76,0.7,34.97,2861.0,71.79,3.59,30
1895,3.09,60.86,0.7,39.95,3269.0,76.32,3.82,30
1896,1.99,46.34,0.7,25.75,2107.0,63.41,3.17,30
1897,3.23,62.8,0.7,41.85,3424.0,78.04,3.9,30
1898,1.22,36.19,0.7,15.83,1295.0,54.39,2.72,30
1899,1.99,46.28,0.7,25.69,2102.0,63.36,3.17,30
1900,1.48,39.63,0.7,19.19,1570.0,57.44,2.87,30
1901,1.49,39.78,0.7,19.34,1582.0,57.58,2.88,30
1902,2.2,49.11,0.7,28.47,2329.0,65.88,3.29,30
1903,3.09,60.93,0.7,40.02,3274.0,76.38,3.82,30
1904,2.91,58.45,0.7,37.6,3076.0,74.18,3.71,30
1905,2.42,52.05,0.7,31.34,2564.0,68.49,3.42,30
1906,1.14,35.1,0.7,14.76,1208.0,53.42,2.67,30
1907,2.36,51.21,0.7,30.52,2497.0,67.74,3.39,30
1908,1.28,36.94,0.7,16.56,1355.0,55.06,2.75,30
1909,1.84,44.34,0.7,23.8,1947.0,61.63,3.08,30
1910,2.25,49.78,0.7,29.11,2382.0,66.47,3.32,30
1911,1.6,41.15,0.7,20.68,1692.0,58.8,2.94,30
1912,1.38,38.3,0.7,17.89,1464.0,56.27,2.81,30
1913,2.99,59.61,0.7,38.73,3169.0,75.21,3.76,30
1914,1.81,43.9,0.7,23.37,1912.0,61.24,3.06,30
1915,1.7,42.49,0.7,21.99,1799.0,59.99,3.0,30
1916,2.81,57.21,0.7,36.39,2977.0,73.08,3.65,30
1917,3.33,64.04,0.7,43.06,3523.0,79.14,3.96,30
1918,1.86,44.63,0.7,24.08,1970.0,61.89,3.09,30
1919,2.67,55.34,0.7,34.55,2827.0,71.41,3.57,30
1920,1.2,35.9,0.7,15.55,1272.0,54.13,2.71,30
1921,2.09,47.64,0.7,27.02,2211.0,64.57,3.23,30
1922,2.71,55.81,0.7,35.02,2865.0,71.83,3.59,30
1923,2.55,53.8,0.7,33.05,2704.0,70.04,3.5,30
1924,3.23,62.79,0.7,41.84,3423.0,78.03,3.9,30
1925,1.45,39.16,0.7,18.74,1533.0,57.03,2.85,30
1926,1.76,43.26,0.7,22.75,1861.0,60.68,3.03,30
1927,2.38,51.45,0.7,30.75,2516.0,67.96,3.4,30
1928,2.71,55.81,0.7,35.02,2865.0,71.83,3.59,30
1929,1.84,44.39,0.7,23.85,1951.0,61.68,3.08,30
1930,1.69,42.36,0.7,21.87,1789.0,59.88,2.99,30
1931,2.51,53.28,0.7,32.54,2662.0,69.58,3.48,30
1932,1.29,37.05,0.7,16.67,1364.0,55.16,2.76,30
1933,1.78,43.6,0.7,23.08,1888.0,60.98,3.05,30
1934,2.77,56.7,0.7,35.88,2936.0,72.62,3.63,30
1935,2.87,57.99,0.7,37.14,3039.0,73.77,3.69,30
1936,2.56,53.89,0.7,33.13,2711.0,70.12,3.51,30
1937,1.35,37.83,0.7,17.43,1426.0,55.84,2.79,30
1938,1.94,45.71,0.7,25.14,2057.0,62.86,3.14,30
1939,2.55,53.76,0.7,33.01,2701.0,70.01,3.5,30
1940,2.6,54.4,0.7,33.64,2752.0,70.58,3.53,30
1941,2.98,59.43,0.7,38.55,3154.0,75.04,3.75,30
1942,3.02,59.94,0.7,39.05,3195.0,75.5,3.78,30
1943,3.05,60.4,0.7,39.5,3232.0,75.91,3.8,30
1944,1.38,38.28,0.7,17.87,1462.0,56.24,2.81,30
1945,2.29,50.33,0.7,29.65,2426.0,66.96,3.35,30
1946,1.79,43.65,0.7,23.12,1892.0,61.02,3.05,30
1947,1.84,44.4,0.7,23.86,1952.0,61.69,3.08,30
1948,2.2,49.08,0.7,28.43,2326.0,65.84,3.29,30
1949,1.88,44.94,0.7,24.38,1995.0,62.17,3.11,30
1950,2.37,51.34,0.7,30.64,2507.0,67.86,3.39,30
1951,2.43,52.18,0.7,31.46,2574.0,68.6,3.43,30
1952,2.52,53.36,0.7,32.62,2669.0,69.66,3.48,30
1953,1.48,39.64,0.7,19.2,1571.0,57.46,2.87,30
1954,2.52,53.4,0.7,32.66,2672.0,69.69,3.48,30
1955,1.17,35.55,0.7,15.2,1244.0,53.82,2.69,30
1956,3.14,61.56,0.7,40.64,3325.0,76.94,3.85,30
1957,2.19,48.99,0.7,28.34,2319.0,65.77,3.29,30
1958,2.98,59.41,0.7,38.54,3153.0,75.03,3.75,30
1959,1.16,35.35,0.7,15.01,1228.0,53.64,2.68,30
1960,2.23,49.53,0.7,28.87,2362.0,66.24,3.31,30
1961,2.87,57.93,0.7,37.08,3034.0,73.71,3.69,30
1962,3.03,60.1,0.7,39.21,3208.0,75.64,3.78,30
1963,1.85,44.49,0.7,23.94,1959.0,61.77,3.09,30
1964,1.54,40.34,0.7,19.89,1627.0,58.08,2.9,30
1965,3.07,60.61,0.7,39.71,3249.0,76.1,3.81,30
1966,2.85,57.71,0.7,36.87,3017.0,73.52,3.68,30
1967,1.6,41.13,0.7,20.66,1690.0,58.78,2.94,30
1968,3.08,60.76,0.7,39.86,3261.0,76.23,3.81,30
1969,1.86,44.68,0.7,24.13,1974.0,61.93,3.1,30
1970,3.25,62.99,0.7,42.03,3439.0,78.21,3.91,30
1971,2.03,46.93,0.7,26.33,2154.0,63.93,3.2,30
1972,2.99,59.53,0.7,38.65,3162.0,75.13,3.76,30
1973,2.29,50.36,0.7,29.69,2429.0,66.99,3.35,30
1974,1.62,41.4,0.7,20.92,1712.0,59.02,2.95,30
1975,1.16,35.39,0.7,15.05,1231.0,53.68,2.68,30
1976,2.78,56.75,0.7,35.93,2940.0,72.67,3.63,30
1977,2.23,49.48,0.7,28.82,2358.0,66.2,3.31,30
1978,2.63,54.86,0.7,34.09,2789.0,70.99,3.55,30
1979,2.44,52.33,0.7,31.61,2586.0,68.73,3.44,30
1980,2.5,53.09,0.7,32.35,2647.0,69.41,3.47,30
1981,2.98,59.49,0.7,38.61,3159.0,75.1,3.76,30
1982,2.47,52.63,0.7,31.9,2610.0,69.0,3.45,30
1983,3.11,61.1,0.7,40.19,3288.0,76.53,3.83,30
1984,3.13,61.38,0.7,40.46,3310.0,76.78,3.84,30
1985,1.18,35.6,0.7,15.25,1248.0,53.87,2.69,30
1986,1.15,35.21,0.7,14.87,1217.0,53.52,2.68,30
1987,3.29,63.49,0.7,42.52,3479.0,78.66,3.93,30
1988,2.35,51.05,0.7,30.36,2484.0,67.6,3.38,30
1989,3.25,63.04,0.7,42.08,3443.0,78.26,3.91,30
1990,3.36,64.44,0.7,43.45,3555.0,79.5,3.98,30
1991,3.33,64.01,0.7,43.03,3521.0,79.12,3.96,30
1992,2.57,53.95,0.7,33.2,2716.0,70.18,3.51,30
1993,1.68,42.21,0.7,21.72,1777.0,59.74,2.99,30
1994,3.04,60.26,0.7,39.37,3221.0,75.79,3.79,30
1995,2.17,48.75,0.7,28.11,2300.0,65.56,3.28,30
1996,3.3,63.7,0.7,42.73,3496.0,78.84,3.94,30
1997,1.95,45.83,0.7,25.25,2066.0,62.96,3.15,30
1998,2.63,54.79,0.7,34.01,2783.0,70.92,3.55,30
1999,2.19,48.96,0.7,28.32,2317.0,65.74,3.29,30
2000,1.56,40.7,0.7,20.24,1656.0,58.4,2.92,30
2001,2.22,49.43,0.7,28.77,2354.0,66.16,3.31,30
2002,3.27,63.25,0.7,42.29,3460.0,78.44,3.92,30
2003,2.97,59.28,0.7,38.4,3142.0,74.91,3.75,30
2004,1.51,39.93,0.7,19.48,1594.0,57.71,2.89,30
2005,2.8,57.06,0.7,36.24,2965.0,72.94,3.65,30
2006,1.63,41.51,0.7,21.03,1721.0,59.12,2.96,30
2007,2.64,54.89,0.7,34.11,2791.0,71.01,3.55,30
2008,3.23,62.8,0.7,41.85,3424.0,78.04,3.9,30
2009,3.12,61.28,0.7,40.36,3302.0,76.69,3.83,30
2010,1.54,40.43,0.7,19.97,1634.0,58.16,2.91,30
2011,2.47,52.73,0.7,32.0,2618.0,69.09,3.45,30
2012,2.21,49.19,0.7,28.54,2335.0,65.94,3.3,30
2013,1.15,35.24,0.7,14.9,1219.0,53.54,2.68,30
2014,1.73,42.91,0.7,22.4,1833.0,60.37,3.02,30
2015,1.35,37.93,0.7,17.53,1434.0,55.93,2.8,30
2016,2.5,53.11,0.7,32.38,2649.0,69.43,3.47,30
2017,1.76,43.3,0.7,22.78,1864.0,60.71,3.04,30
2018,2.2,49.08,0.7,28.43,2326.0,65.84,3.29,30
2019,1.29,37.1,0.7,16.72,1368.0,55.2,2.76,30
2020,1.54,40.38,0.7,19.92,1630.0,58.11,2.91,30
2021,2.33,50.83,0.7,30.14,2466.0,67.4,3.37,30
2022,1.17,35.49,0.7,15.14,1239.0,53.77,2.69,30
2023,3.04,60.24,0.7,39.34,3219.0,75.77,3.79,30
2024,3.01,59.78,0.7,38.89,3182.0,75.36,3.77,30
2025,2.65,55.06,0.7,34.28,2805.0,71.17,3.56,30
2026,3.34,64.21,0.7,43.23,3537.0,79.3,3.97,30
2027,2.42,52.03,0.7,31.31,2562.0,68.47,3.42,30
2028,2.62,54.61,0.7,33.84,2769.0,70.77,3.54,30
2029,3.13,61.36,0.7,40.44,3309.0,76.77,3.84,30
2030,2.25,49.78,0.7,29.11,2382.0,66.47,3.32,30
2031,2.28,50.15,0.7,29.48,2412.0,66.8,3.34,30
2032,1.26,36.71,0.7,16.34,1337.0,54.86,2.74,30
2033,1.71,42.69,0.7,22.18,1815.0,60.17,3.01,30
2034,2.5,53.05,0.7,32.32,2644.0,69.38,3.47,30
2035,2.46,52.58,0.7,31.85,2606.0,68.96,3.45,30
2036,2.73,56.16,0.7,35.36,2893.0,72.14,3.61,30
2037,2.12,48.09,0.7,27.46,2247.0,64.97,3.25,30
2038,2.32,50.71,0.7,30.03,2457.0,67.3,3.37,30
2039,2.78,56.85,0.7,36.03,2948.0,72.76,3.64,30
2040,2.84,57.59,0.7,36.75,3007.0,73.41,3.67,30
2041,3.09,60.89,0.7,39.98,3271.0,76.34,3.82,30
2042,2.68,55.43,0.7,34.64,2834.0,71.49,3.57,30
2043,1.69,42.36,0.7,21.87,1789.0,59.88,2.99,30
2044,1.36,38.04,0.7,17.64,1443.0,56.03,2.8,30
2045,1.53,40.23,0.7,19.78,1618.0,57.98,2.9,30
2046,1.76,43.34,0.7,22.82,1867.0,60.74,3.04,30
2047,1.16,35.38,0.7,15.03,1230.0,53.67,2.68,30
2048,1.18,35.6,0.7,15.25,1248.0,53.87,2.69,30
2049,1.61,41.29,0.7,20.81,1703.0,58.92,2.95,30
2050,1.19,35.79,0.7,15.44,1263.0,54.03,2.7,30
2051,3.09,60.86,0.7,39.95,3269.0,76.32,3.82,30
2052,1.65,41.84,0.7,21.35,1747.0,59.41,2.97,30
2053,1.75,43.18,0.7,22.66,1854.0,60.6,3.03,30
2054,3.19,62.26,0.7,41.32,3381.0,77.57,3.88,30
2055,1.37,38.16,0.7,17.76,1453.0,56.14,2.81,30
2056,2.17,48.71,0.7,28.07,2297.0,65.52,3.28,30
2057,1.89,45.05,0.7,24.49,2004.0,62.27,3.11,30
2058,1.41,38.6,0.7,18.19,1488.0,56.53,2.83,30
2059,2.57,53.98,0.7,33.22,2718.0,70.2,3.51,30
2060,2.65,55.05,0.7,34.27,2804.0,71.16,3.56,30
2061,2.6,54.41,0.7,33.65,2753.0,70.59,3.53,30
2062,2.72,56.05,0.7,35.25,2884.0,72.04,3.6,30
2063,3.24,62.91,0.7,41.96,3433.0,78.14,3.91,30
2064,1.31,37.4,0.7,17.01,1392.0,55.47,2.77,30
2065,2.36,51.29,0.7,30.59,2503.0,67.81,3.39,30
2066,2.14,48.3,0.7,27.67,2264.0,65.16,3.26,30
2067,2.6,54.41,0.7,33.65,2753.0,70.59,3.53,30
2068,1.64,41.76,0.7,21.28,1741.0,59.34,2.97,30
2069,2.41,51.84,0.7,31.13,2547.0,68.3,3.42,30
2070,2.21,49.25,0.7,28.6,2340.0,66.0,3.3,30
2071,2.26,49.91,0.7,29.25,2393.0,66.59,3.33,30
2072,2.05,47.15,0.7,26.55,2172.0,64.13,3.21,30
2073,3.13,61.4,0.7,40.48,3312.0,76.8,3.84,30
2074,3.13,61.48,0.7,40.55,3318.0,76.87,3.84,30
2075,2.48,52.85,0.7,32.12,2628.0,69.2,3.46,30
2076,3.21,62.49,0.7,41.54,3399.0,77.77,3.89,30
2077,1.96,45.95,0.7,25.37,2076.0,63.07,3.15,30
2078,1.51,40.01,0.7,19.57,1601.0,57.79,2.89,30
2079,1.45,39.2,0.7,18.77,1536.0,57.07,2.85,30
2080,1.2,35.91,0.7,15.56,1273.0,54.14,2.71,30
2081,1.42,38.79,0.7,18.37,1503.0,56.7,2.84,30
2082,2.41,51.85,0.7,31.14,2548.0,68.31,3.42,30
2083,2.69,55.64,0.7,34.85,2851.0,71.68,3.58,30
2084,2.01,46.54,0.7,25.95,2123.0,63.59,3.18,30
2085,2.17,48.74,0.7,28.1,2299.0,65.54,3.28,30
2086,3.26,63.13,0.7,42.17,3450.0,78.33,3.92,30
2087,3.07,60.65,0.7,39.75,3252.0,76.13,3.81,30
2088,1.19,35.69,0.7,15.34,1255.0,53.94,2.7,30
2089,2.71,55.84,0.7,35.04,2867.0,71.86,3.59,30
2090,2.01,46.61,0.7,26.02,2129.0,63.66,3.18,30
2091,2.12,48.06,0.7,27.44,2245.0,64.94,3.25,30
2092,1.3,37.24,0.7,16.85,1379.0,55.32,2.77,30
2093,3.25,63.06,0.7,42.11,3445.0,78.28,3.91,30
2094,2.92,58.61,0.7,37.75,3089.0,74.32,3.72,30
2095,1.77,43.45,0.7,22.93,1876.0,60.84,3.04,30
2096,2.66,55.25,0.7,34.47,2820.0,71.33,3.57,30
2097,1.51,39.99,0.7,19.54,1599.0,57.77,2.89,30
2098,2.26,49.85,0.7,29.19,2388.0,66.53,3.33,30
2099,1.65,41.85,0.7,21.36,1748.0,59.42,2.97,30
2100,1.18,35.63,0.7,15.28,1250.0,53.89,2.69,30
2101,1.81,43.93,0.7,23.39,1914.0,61.27,3.06,30
2102,3.11,61.14,0.7,40.22,3291.0,76.57,3.83,30
2103,2.17,48.73,0.7,28.09,2298.0,65.53,3.28,30
2104,2.27,50.1,0.7,29.43,2408.0,66.76,3.34,30
2105,1.61,41.34,0.7,20.86,1707.0,58.97,2.95,30
2106,1.28,36.89,0.7,16.51,1351.0,55.01,2.75,30
2107,1.17,35.54,0.7,15.19,1243.0,53.81,2.69,30
2108,1.68,42.25,0.7,21.76,1780.0,59.78,2.99,30
2109,2.15,48.51,0.7,27.88,2281.0,65.34,3.27,30
2110,2.79,56.96,0.7,36.14,2957.0,72.86,3.64,30
2111,2.45,52.45,0.7,31.73,2596.0,68.84,3.44,30
2112,1.97,46.11,0.7,25.53,2089.0,63.21,3.16,30
2113,2.24,49.66,0.7,29.0,2373.0,66.37,3.32,30
2114,2.96,59.18,0.7,38.3,3134.0,74.82,3.74,30
2115,2.58,54.19,0.7,33.43,2735.0,70.39,3.52,30
2116,2.31,50.51,0.7,29.83,2441.0,67.12,3.36,30
2117,2.54,53.59,0.7,32.84,2687.0,69.86,3.49,30
2118,1.9,45.13,0.7,24.57,2010.0,62.33,3.12,30
2119,3.24,62.84,0.7,41.89,3427.0,78.08,3.9,30
2120,2.6,54.46,0.7,33.7,2757.0,70.63,3.53,30
2121,1.24,36.35,0.7,15.99,1308.0,54.53,2.73,30
2122,3.08,60.71,0.7,39.81,3257.0,76.19,3.81,30
2123,1.6,41.13,0.7,20.66,1690.0,58.78,2.94,30
2124,3.26,63.14,0.7,42.18,3451.0,78.34,3.92,30
2125,1.47,39.51,0.7,19.08,1561.0,57.34,2.87,30
2126,3.23,62.73,0.7,41.78,3418.0,77.98,3.9,30
2127,2.62,54.7,0.7,33.93,2776.0,70.84,3.54,30
2128,1.46,39.31,0.7,18.88,1545.0,57.17,2.86,30
2129,2.88,58.1,0.7,37.25,3048.0,73.87,3.69,30
2130,1.52,40.11,0.7,19.67,1609.0,57.88,2.89,30
2131,3.34,64.19,0.7,43.21,3535.0,79.28,3.96,30
2132,2.45,52.41,0.7,31.69,2593.0,68.81,3.44,30
2133,2.7,55.71,0.7,34.92,2857.0,71.74,3.59,30
2134,2.56,53.85,0.7,33.1,2708.0,70.09,3.5,30
2135,3.34,64.16,0.7,43.18,3533.0,79.26,3.96,30
2136,1.38,38.28,0.7,17.87,1462.0,56.24,2.81,30
2137,1.52,40.08,0.7,19.63,1606.0,57.84,2.89,30
2138,2.24,49.66,0.7,29.0,2373.0,66.37,3.32,30
2139,2.84,57.58,0.7,36.74,3006.0,73.4,3.67,30
2140,1.98,46.18,0.7,25.59,2094.0,63.27,3.16,30
2141,3.12,61.3,0.7,40.38,3304.0,76.71,3.84,30
2142,2.44,52.24,0.7,31.52,2579.0,68.66,3.43,30
2143,1.83,44.28,0.7,23.74,1942.0,61.58,3.08,30
2144,2.72,56.05,0.7,35.25,2884.0,72.04,3.6,30
2145,3.23,62.8,0.7,41.85,3424.0,78.04,3.9,30
2146,3.0,59.76,0.7,38.88,3181.0,75.34,3.77,30
2147,1.71,42.69,0.7,22.18,1815.0,60.17,3.01,30
2148,3.36,64.44,0.7,43.45,3555.0,79.5,3.98,30
2149,2.13,48.15,0.7,27.52,2252.0,65.02,3.25,30
2150,3.3,63.64,0.7,42.67,3491.0,78.79,3.94,30
2151,3.07,60.6,0.7,39.7,3248.0,76.09,3.8,30
2152,2.84,57.55,0.7,36.72,3004.0,73.38,3.67,30
2153,1.52,40.14,0.7,19.69,1611.0,57.9,2.9,30
2154,2.58,54.11,0.7,33.35,2729.0,70.32,3.52,30
2155,2.33,50.89,0.7,30.2,2471.0,67.46,3.37,30
2156,2.79,56.98,0.7,36.15,2958.0,72.87,3.64,30
2157,1.8,43.78,0.7,23.25,1902.0,61.13,3.06,30
2158,2.19,49.0,0.7,28.36,2320.0,65.78,3.29,30
2159,2.83,57.41,0.7,36.58,2993.0,73.26,3.66,30
2160,1.54,40.34,0.7,19.89,1627.0,58.08,2.9,30
2161,2.02,46.76,0.7,26.17,2141.0,63.79,3.19,30
2162,3.15,61.74,0.7,40.81,3339.0,77.1,3.86,30
2163,2.0,46.51,0.7,25.92,2121.0,63.57,3.18,30
2164,1.78,43.6,0.7,23.08,1888.0,60.98,3.05,30
2165,2.67,55.28,0.7,34.49,2822.0,71.36,3.57,30
2166,2.76,56.53,0.7,35.71,2922.0,72.47,3.62,30
2167,2.29,50.36,0.7,29.69,2429.0,66.99,3.35,30
2168,2.87,58.03,0.7,37.18,3042.0,73.8,3.69,30
2169,1.78,43.55,0.7,23.03,1884.0,60.93,3.05,30
2170,2.76,56.58,0.7,35.76,2926.0,72.51,3.63,30
2171,1.58,40.89,0.7,20.42,1671.0,58.57,2.93,30
2172,1.36,38.04,0.7,17.64,1443.0,56.03,2.8,30
2173,3.19,62.19,0.7,41.25,3375.0,77.5,3.88,30
2174,3.26,63.2,0.7,42.24,3456.0,78.4,3.92,30
2175,1.61,41.3,0.7,20.83,1704.0,58.93,2.95,30
2176,1.57,40.75,0.7,20.29,1660.0,58.44,2.92,30
2177,1.23,36.24,0.7,15.88,1299.0,54.43,2.72,30
2178,2.0,46.53,0.7,25.94,2122.0,63.58,3.18,30
2179,2.36,51.25,0.7,30.56,2500.0,67.78,3.39,30
2180,1.7,42.5,0.7,22.0,1800.0,60.0,3.0,30
2181,1.69,42.41,0.7,21.91,1793.0,59.92,3.0,30
2182,1.3,37.15,0.7,16.77,1372.0,55.24,2.76,30
2183,1.29,37.1,0.7,16.72,1368.0,55.2,2.76,30
2184,1.99,46.36,0.7,25.78,2109.0,63.43,3.17,30
2185,2.3,50.48,0.7,29.8,2438.0,67.09,3.35,30
2186,2.25,49.79,0.7,29.13,2383.0,66.48,3.32,30
2187,1.84,44.3,0.7,23.76,1944.0,61.6,3.08,30
2188,1.85,44.51,0.7,23.97,1961.0,61.79,3.09,30
2189,1.28,36.88,0.7,16.5,1350.0,55.0,2.75,30
2190,2.37,51.31,0.7,30.62,2505.0,67.83,3.39,30
2191,2.71,55.84,0.7,35.04,2867.0,71.86,3.59,30
2192,2.45,52.45,0.7,31.73,2596.0,68.84,3.44,30
2193,1.39,38.45,0.7,18.04,1476.0,56.4,2.82,30
2194,1.95,45.85,0.7,25.28,2068.0,62.98,3.15,30
2195,1.79,43.65,0.7,23.12,1892.0,61.02,3.05,30
2196,3.34,64.19,0.7,43.21,3535.0,79.28,3.96,30
2197,2.16,48.58,0.7,27.94,2286.0,65.4,3.27,30
2198,2.72,56.0,0.7,35.2,2880.0,72.0,3.6,30
2199,2.15,48.4,0.7,27.77,2272.0,65.24,3.26,30
2200,1.82,44.08,0.7,23.54,1926.0,61.4,3.07,30
2201,3.34,64.16,0.7,43.18,3533.0,79.26,3.96,30
2202,2.26,49.86,0.7,29.2,2389.0,66.54,3.33,30
2203,2.36,51.2,0.7,30.51,2496.0,67.73,3.39,30
2204,1.91,45.31,0.7,24.75,2025.0,62.5,3.13,30
2205,3.2,62.39,0.7,41.45,3391.0,77.68,3.88,30
2206,1.53,40.2,0.7,19.75,1616.0,57.96,2.9,30
2207,1.73,42.91,0.7,22.4,1833.0,60.37,3.02,30
2208,1.94,45.73,0.7,25.15,2058.0,62.87,3.14,30
2209,2.35,51.1,0.7,30.41,2488.0,67.64,3.38,30
2210,1.27,36.86,0.7,16.49,1349.0,54.99,2.75,30
2211,1.96,45.98,0.7,25.4,2078.0,63.09,3.15,30
2212,1.22,36.11,0.7,15.75,1289.0,54.32,2.72,30
2213,2.47,52.63,0.7,31.9,2610.0,69.0,3.45,30
2214,1.52,40.14,0.7,19.69,1611.0,57.9,2.9,30
2215,2.71,55.81,0.7,35.02,2865.0,71.83,3.59,30
2216,3.33,64.03,0.7,43.05,3522.0,79.13,3.96,30
2217,1.6,41.13,0.7,20.66,1690.0,58.78,2.94,30
2218,2.75,56.36,0.7,35.55,2909.0,72.32,3.62,30
2219,2.07,47.43,0.7,26.82,2194.0,64.38,3.22,30
2220,2.49,52.98,0.7,32.24,2638.0,69.31,3.47,30
2221,2.66,55.24,0.7,34.45,2819.0,71.32,3.57,30
2222,2.92,58.69,0.7,37.83,3095.0,74.39,3.72,30
2223,1.21,35.99,0.7,15.63,1279.0,54.21,2.71,30
2224,2.76,56.55,0.7,35.74,2924.0,72.49,3.62,30
2225,2.95,59.06,0.7,38.19,3125.0,74.72,3.74,30
2226,1.81,43.9,0.7,23.37,1912.0,61.24,3.06,30
2227,2.0,46.48,0.7,25.89,2118.0,63.53,3.18,30
2228,1.7,42.51,0.7,22.01,1801.0,60.01,3.0,30
2229,2.3,50.39,0.7,29.71,2431.0,67.01,3.35,30
2230,2.85,57.75,0.7,36.91,3020.0,73.56,3.68,30
2231,2.59,54.23,0.7,33.46,2738.0,70.42,3.52,30
2232,1.47,39.41,0.7,18.98,1553.0,57.26,2.86,30
2233,2.28,50.13,0.7,29.46,2410.0,66.78,3.34,30
2234,3.3,63.65,0.7,42.68,3492.0,78.8,3.94,30
2235,1.69,42.41,0.7,21.91,1793.0,59.92,3.0,30
2236,2.3,50.44,0.7,29.76,2435.0,67.06,3.35,30
2237,2.89,58.31,0.7,37.46,3065.0,74.06,3.7,30
2238,1.46,39.33,0.7,18.9,1546.0,57.18,2.86,30
2239,1.35,37.93,0.7,17.53,1434.0,55.93,2.8,30
2240,1.41,38.65,0.7,18.24,1492.0,56.58,2.83,30
2241,1.38,38.2,0.7,17.8,1456.0,56.18,2.81,30
2242,1.68,42.19,0.7,21.69,1775.0,59.72,2.99,30
2243,3.03,60.13,0.7,39.23,3210.0,75.67,3.78,30
2244,2.44,52.31,0.7,31.59,2585.0,68.72,3.44,30
2245,3.3,63.63,0.7,42.66,3490.0,78.78,3.94,30
2246,1.2,35.83,0.7,15.47,1266.0,54.07,2.7,30
2247,2.72,56.05,0.7,35.25,2884.0,72.04,3.6,30
2248,1.47,39.44,0.7,19.01,1555.0,57.28,2.86,30
2249,2.33,50.89,0.7,30.2,2471.0,67.46,3.37,30
2250,2.99,59.64,0.7,38.76,3171.0,75.23,3.76,30
2251,2.03,46.9,0.7,26.3,2152.0,63.91,3.2,30
2252,1.94,45.66,0.7,25.09,2053.0,62.81,3.14,30
2253,2.67,55.34,0.7,34.55,2827.0,71.41,3.57,30
2254,3.34,64.19,0.7,43.21,3535.0,79.28,3.96,30
2255,2.97,59.31,0.7,38.44,3145.0,74.94,3.75,30
2256,3.2,62.38,0.7,41.43,3390.0,77.67,3.88,30
2257,1.51,39.99,0.7,19.54,1599.0,57.77,2.89,30
2258,1.29,37.03,0.7,16.65,1362.0,55.13,2.76,30
2259,1.99,46.38,0.7,25.79,2110.0,63.44,3.17,30
2260,1.53,40.24,0.7,19.79,1619.0,57.99,2.9,30
2261,1.9,45.18,0.7,24.62,2014.0,62.38,3.12,30
2262,1.4,38.48,0.7,18.06,1478.0,56.42,2.82,30
2263,2.6,54.41,0.7,33.65,2753.0,70.59,3.53,30
2264,1.5,39.89,0.7,19.45,1591.0,57.68,2.88,30
2265,1.97,46.11,0.7,25.53,2089.0,63.21,3.16,30
2266,2.22,49.41,0.7,28.76,2353.0,66.14,3.31,30
2267,1.98,46.26,0.7,25.68,2101.0,63.34,3.17,30
2268,2.04,46.95,0.7,26.35,2156.0,63.96,3.2,30
2269,1.34,37.69,0.7,17.29,1415.0,55.72,2.79,30
2270,2.53,53.49,0.7,32.74,2679.0,69.77,3.49,30
2271,3.17,62.01,0.7,41.08,3361.0,77.34,3.87,30
2272,2.52,53.36,0.7,32.62,2669.0,69.66,3.48,30
2273,3.02,59.94,0.7,39.05,3195.0,75.5,3.78,30
2274,3.2,62.39,0.7,41.45,3391.0,77.68,3.88,30
2275,2.21,49.21,0.7,28.56,2337.0,65.97,3.3,30
2276,1.39,38.46,0.7,18.05,1477.0,56.41,2.82,30
2277,1.97,46.14,0.7,25.56,2091.0,63.23,3.16,30
2278,2.6,54.36,0.7,33.6,2749.0,70.54,3.53,30
2279,2.12,48.01,0.7,27.39,2241.0,64.9,3.25,30
2280,1.13,35.01,0.7,14.68,1201.0,53.34,2.67,30
2281,1.91,45.25,0.7,24.69,2020.0,62.44,3.12,30
2282,3.17,62.01,0.7,41.08,3361.0,77.34,3.87,30
2283,3.09,60.85,0.7,39.94,3268.0,76.31,3.82,30
2284,2.73,56.09,0.7,35.29,2887.0,72.08,3.6,30
2285,2.8,57.06,0.7,36.24,2965.0,72.94,3.65,30
2286,2.38,51.44,0.7,30.74,2515.0,67.94,3.4,30
2287,1.85,44.55,0.7,24.0,1964.0,61.82,3.09,30
2288,2.07,47.45,0.7,26.84,2196.0,64.4,3.22,30
2289,3.2,62.34,0.7,41.4,3387.0,77.63,3.88,30
2290,2.11,47.86,0.7,27.24,2229.0,64.77,3.24,30
2291,3.11,61.13,0.7,40.21,3290.0,76.56,3.83,30
2292,1.22,36.15,0.7,15.79,1292.0,54.36,2.72,30
2293,1.51,40.04,0.7,19.59,1603.0,57.81,2.89,30
2294,1.16,35.33,0.7,14.98,1226.0,53.62,2.68,30
2295,1.31,37.39,0.7,17.0,1391.0,55.46,2.77,30
2296,1.41,38.63,0.7,18.21,1490.0,56.56,2.83,30
2297,2.69,55.64,0.7,34.85,2851.0,71.68,3.58,30
2298,1.77,43.39,0.7,22.87,1871.0,60.79,3.04,30
2299,1.54,40.33,0.7,19.87,1626.0,58.07,2.9,30
2300,1.78,43.55,0.7,23.03,1884.0,60.93,3.05,30
2301,2.34,50.93,0.7,30.24,2474.0,67.49,3.37,30
2302,3.25,63.04,0.7,42.08,3443.0,78.26,3.91,30
2303,2.67,55.35,0.7,34.56,2828.0,71.42,3.57,30
2304,1.5,39.84,0.7,19.4,1587.0,57.63,2.88,30
2305,2.02,46.73,0.7,26.13,2138.0,63.76,3.19,30
2306,3.15,61.66,0.7,40.74,3333.0,77.03,3.85,30
2307,2.65,55.09,0.7,34.31,2807.0,71.19,3.56,30
2308,1.28,36.91,0.7,16.54,1353.0,55.03,2.75,30
2309,2.98,59.5,0.7,38.62,3160.0,75.11,3.76,30
2310,3.06,60.48,0.7,39.58,3238.0,75.98,3.8,30
2311,1.9,45.1,0.7,24.54,2008.0,62.31,3.12,30
2312,1.91,45.34,0.7,24.77,2027.0,62.52,3.13,30
2313,1.62,41.43,0.7,20.95,1714.0,59.04,2.95,30
2314,2.86,57.88,0.7,37.03,3030.0,73.67,3.68,30
2315,2.6,54.39,0.7,33.62,2751.0,70.57,3.53,30
2316,2.81,57.14,0.7,36.31,2971.0,73.01,3.65,30
2317,3.28,63.36,0.7,42.4,3469.0,78.54,3.93,30
2318,2.48,52.83,0.7,32.1,2626.0,69.18,3.46,30
2319,2.31,50.51,0.7,29.83,2441.0,67.12,3.36,30
2320,2.57,54.06,0.7,33.31,2725.0,70.28,3.51,30
2321,1.26,36.71,0.7,16.34,1337.0,54.86,2.74,30
2322,2.92,58.59,0.7,37.73,3087.0,74.3,3.72,30
2323,1.2,35.86,0.7,15.51,1269.0,54.1,2.71,30
2324,1.24,36.45,0.7,16.08,1316.0,54.62,2.73,30
2325,2.38,51.44,0.7,30.74,2515.0,67.94,3.4,30
2326,1.4,38.49,0.7,18.08,1479.0,56.43,2.82,30
2327,2.06,47.28,0.7,26.67,2182.0,64.24,3.21,30
2328,1.45,39.2,0.7,18.77,1536.0,57.07,2.85,30
2329,3.09,60.89,0.7,39.98,3271.0,76.34,3.82,30
2330,1.59,40.99,0.7,20.52,1679.0,58.66,2.93,30
2331,1.91,45.3,0.7,24.74,2024.0,62.49,3.12,30
2332,1.46,39.38,0.7,18.94,1550.0,57.22,2.86,30
2333,2.83,57.44,0.7,36.61,2995.0,73.28,3.66,30
2334,1.93,45.49,0.7,24.92,2039.0,62.66,3.13,30
2335,3.2,62.36,0.7,41.42,3389.0,77.66,3.88,30
2336,3.18,62.09,0.7,41.15,3367.0,77.41,3.87,30
2337,1.98,46.2,0.7,25.62,2096.0,63.29,3.16,30
2338,2.26,49.91,0.7,29.25,2393.0,66.59,3.33,30
2339,1.51,39.96,0.7,19.52,1597.0,57.74,2.89,30
2340,2.02,46.79,0.7,26.19,2143.0,63.81,3.19,30
2341,2.42,52.03,0.7,31.31,2562.0,68.47,3.42,30
2342,2.67,55.34,0.7,34.55,2827.0,71.41,3.57,30
2343,2.79,56.9,0.7,36.08,2952.0,72.8,3.64,30
2344,2.56,53.89,0.7,33.13,2711.0,70.12,3.51,30
2345,2.87,58.03,0.7,37.18,3042.0,73.8,3.69,30
2346,2.09,47.73,0.7,27.11,2218.0,64.64,3.23,30
2347,3.15,61.63,0.7,40.7,3330.0,77.0,3.85,30
2348,1.15,35.25,0.7,14.91,1220.0,53.56,2.68,30
2349,2.08,47.54,0.7,26.93,2203.0,64.48,3.22,30
2350,2.29,50.28,0.7,29.6,2422.0,66.91,3.35,30
2351,1.25,36.49,0.7,16.12,1319.0,54.66,2.73,30
2352,1.54,40.41,0.7,19.96,1633.0,58.14,2.91,30
2353,2.31,50.63,0.7,29.94,2450.0,67.22,3.36,30
2354,2.83,57.4,0.7,36.57,2992.0,73.24,3.66,30
2355,2.53,53.54,0.7,32.79,2683.0,69.81,3.49,30
2356,2.29,50.33,0.7,29.65,2426.0,66.96,3.35,30
2357,1.55,40.55,0.7,20.09,1644.0,58.27,2.91,30
2358,3.1,61.0,0.7,40.09,3280.0,76.44,3.82,30
2359,3.14,61.51,0.7,40.59,3321.0,76.9,3.85,30
2360,2.39,51.63,0.7,30.92,2530.0,68.11,3.41,30
2361,1.8,43.84,0.7,23.31,1907.0,61.19,3.06,30
2362,3.21,62.46,0.7,41.52,3397.0,77.74,3.89,30
2363,2.36,51.2,0.7,30.51,2496.0,67.73,3.39,30
2364,3.32,63.89,0.7,42.91,3511.0,79.01,3.95,30
2365,1.68,42.19,0.7,21.69,1775.0,59.72,2.99,30
2366,2.61,54.56,0.7,33.79,2765.0,70.72,3.54,30
2367,3.34,64.24,0.7,43.25,3539.0,79.32,3.97,30
2368,1.87,44.74,0.7,24.19,1979.0,61.99,3.1,30
2369,3.22,62.61,0.7,41.67,3409.0,77.88,3.89,30
2370,1.89,45.0,0.7,24.44,2000.0,62.22,3.11,30
2371,2.86,57.86,0.7,37.02,3029.0,73.66,3.68,30
2372,3.03,60.11,0.7,39.22,3209.0,75.66,3.78,30
2373,2.92,58.61,0.7,37.75,3089.0,74.32,3.72,30
2374,3.22,62.61,0.7,41.67,3409.0,77.88,3.89,30
2375,3.33,64.05,0.7,43.07,3524.0,79.16,3.96,30
2376,1.56,40.61,0.7,20.15,1649.0,58.32,2.92,30
2377,1.76,43.31,0.7,22.79,1865.0,60.72,3.04,30
2378,1.42,38.84,0.7,18.42,1507.0,56.74,2.84,30
2379,2.64,54.88,0.7,34.1,2790.0,71.0,3.55,30
2380,2.95,59.03,0.7,38.16,3122.0,74.69,3.73,30
2381,1.92,45.39,0.7,24.82,2031.0,62.57,3.13,30
2382,1.75,43.19,0.7,22.67,1855.0,60.61,3.03,30
2383,2.73,56.18,0.7,35.37,2894.0,72.16,3.61,30
2384,1.82,44.11,0.7,23.58,1929.0,61.43,3.07,30
2385,1.15,35.16,0.7,14.83,1213.0,53.48,2.67,30
2386,2.07,47.4,0.7,26.79,2192.0,64.36,3.22,30
2387,1.52,40.06,0.7,19.62,1605.0,57.83,2.89,30
2388,2.03,46.86,0.7,26.27,2149.0,63.88,3.19,30
2389,2.32,50.74,0.7,30.05,2459.0,67.32,3.37,30
2390,2.79,56.94,0.7,36.12,2955.0,72.83,3.64,30
2391,3.28,63.41,0.7,42.45,3473.0,78.59,3.93,30
2392,2.86,57.85,0.7,37.01,3028.0,73.64,3.68,30
2393,2.07,47.38,0.7,26.77,2190.0,64.33,3.22,30
2394,3.25,62.96,0.7,42.01,3437.0,78.19,3.91,30
2395,2.44,52.34,0.7,31.62,2587.0,68.74,3.44,30
2396,2.86,57.85,0.7,37.01,3028.0,73.64,3.68,30
2397,1.79,43.74,0.7,23.21,1899.0,61.1,3.06,30
2398,1.27,36.85,0.7,16.48,1348.0,54.98,2.75,30
2399,1.2,35.94,0.7,15.58,1275.0,54.17,2.71,30
2400,1.84,44.35,0.7,23.81,1948.0,61.64,3.08,30
2401,1.36,37.99,0.7,17.59,1439.0,55.99,2.8,30
2402,2.92,58.63,0.7,37.77,3090.0,74.33,3.72,30
2403,2.33,50.85,0.7,30.16,2468.0,67.42,3.37,30
2404,1.78,43.6,0.7,23.08,1888.0,60.98,3.05,30
2405,1.17,35.5,0.7,15.16,1240.0,53.78,2.69,30
2406,3.35,64.34,0.7,43.35,3547.0,79.41,3.97,30
2407,1.92,45.4,0.7,24.84,2032.0,62.58,3.13,30
2408,2.9,58.34,0.7,37.49,3067.0,74.08,3.7,30
2409,1.48,39.59,0.7,19.15,1567.0,57.41,2.87,30
2410,1.49,39.78,0.7,19.34,1582.0,57.58,2.88,30
2411,1.26,36.61,0.7,16.24,1329.0,54.77,2.74,30
2412,1.62,41.46,0.7,20.99,1717.0,59.08,2.95,30
2413,2.65,55.14,0.7,34.36,2811.0,71.23,3.56,30
2414,2.98,59.43,0.7,38.55,3154.0,75.04,3.75,30
2415,1.17,35.48,0.7,15.13,1238.0,53.76,2.69,30
2416,1.48,39.64,0.7,19.2,1571.0,57.46,2.87,30
2417,2.5,53.08,0.7,32.34,2646.0,69.4,3.47,30
2418,1.55,40.51,0.7,20.06,1641.0,58.23,2.91,30
2419,3.12,61.33,0.7,40.41,3306.0,76.73,3.84,30
2420,1.6,41.19,0.7,20.72,1695.0,58.83,2.94,30
2421,2.22,49.43,0.7,28.77,2354.0,66.16,3.31,30
2422,2.71,55.88,0.7,35.08,2870.0,71.89,3.59,30
2423,1.97,46.11,0.7,25.53,2089.0,63.21,3.16,30
2424,3.24,62.93,0.7,41.97,3434.0,78.16,3.91,30
2425,3.0,59.68,0.7,38.79,3174.0,75.27,3.76,30
2426,2.52,53.36,0.7,32.62,2669.0,69.66,3.48,30
2427,1.73,42.86,0.7,22.35,1829.0,60.32,3.02,30
2428,1.92,45.44,0.7,24.87,2035.0,62.61,3.13,30
2429,2.38,51.53,0.7,30.82,2522.0,68.02,3.4,30
2430,2.23,49.58,0.7,28.92,2366.0,66.29,3.31,30
2431,2.39,51.68,0.7,30.97,2534.0,68.16,3.41,30
2432,1.41,38.66,0.7,18.25,1493.0,56.59,2.83,30
2433,2.05,47.14,0.7,26.53,2171.0,64.12,3.21,30
2434,1.17,35.51,0.7,15.17,1241.0,53.79,2.69,30
2435,1.19,35.78,0.7,15.42,1262.0,54.02,2.7,30
2436,2.63,54.85,0.7,34.08,2788.0,70.98,3.55,30
2437,1.54,40.43,0.7,19.97,1634.0,58.16,2.91,30
2438,1.59,41.01,0.7,20.55,1681.0,58.68,2.93,30
2439,3.26,63.16,0.7,42.2,3453.0,78.37,3.92,30
2440,1.36,37.99,0.7,17.59,1439.0,55.99,2.8,30
2441,1.93,45.53,0.7,24.96,2042.0,62.69,3.13,30
2442,1.3,37.25,0.7,16.87,1380.0,55.33,2.77,30
2443,3.03,60.08,0.7,39.18,3206.0,75.62,3.78,30
2444,3.22,62.66,0.7,41.71,3413.0,77.92,3.9,30
2445,2.37,51.43,0.7,30.73,2514.0,67.93,3.4,30
2446,2.91,58.46,0.7,37.61,3077.0,74.19,3.71,30
2447,3.12,61.31,0.7,40.39,3305.0,76.72,3.84,30
2448,1.53,40.23,0.7,19.78,1618.0,57.98,2.9,30
2449,3.17,61.96,0.7,41.03,3357.0,77.3,3.87,30
2450,1.25,36.59,0.7,16.22,1327.0,54.74,2.74,30
2451,1.49,39.78,0.7,19.34,1582.0,57.58,2.88,30
2452,1.85,44.48,0.7,23.93,1958.0,61.76,3.09,30
2453,3.11,61.14,0.7,40.22,3291.0,76.57,3.83,30
2454,2.69,55.61,0.7,34.82,2849.0,71.66,3.58,30
2455,1.27,36.84,0.7,16.46,1347.0,54.97,2.75,30
2456,2.52,53.29,0.7,32.55,2663.0,69.59,3.48,30
2457,3.11,61.19,0.7,40.27,3295.0,76.61,3.83,30
2458,2.28,50.2,0.7,29.53,2416.0,66.84,3.34,30
2459,2.04,46.94,0.7,26.34,2155.0,63.94,3.2,30
2460,1.19,35.74,0.7,15.39,1259.0,53.99,2.7,30
2461,1.21,36.0,0.7,15.64,1280.0,54.22,2.71,30
2462,2.72,55.99,0.7,35.19,2879.0,71.99,3.6,30
